gaba_scale,filename,-100.0,-95.0,-90.0,-84.999999999999986,-79.999999999999986,-74.999999999999986,-69.999999999999986,-64.999999999999972,-59.999999999999972,-54.999999999999964,-49.999999999999964,-44.999999999999957,-39.99999999999995,-34.99999999999995,-29.999999999999943,-24.99999999999994,-19.999999999999936,-14.999999999999931,-9.9999999999999254,-4.999999999999921,8.3266726846886741e-14,5.0000000000000879,10.000000000000092,15.000000000000096,20.000000000000099,25.000000000000107,30.00000000000011,35.000000000000114,40.000000000000121,45.000000000000121,50.000000000000128,55.000000000000135,60.000000000000135,65.000000000000142,70.000000000000142,75.000000000000156,80.000000000000156,85.000000000000156,90.000000000000156,95.000000000000171
0.6,data_20141022_144306_53618_compute-0-57.local.h5,28.666666666666668,31.733333333333334,30.066666666666666,26.133333333333333,25.399999999999999,21.466666666666665,19.066666666666666,19.866666666666667,26.533333333333335,37.200000000000003,45.533333333333331,45.666666666666664,41.600000000000001,37.533333333333331,30.333333333333332,20.199999999999999,12.533333333333333,9.1333333333333329,4.333333333333333,3.3333333333333335,44.533333333333331,53.266666666666666,88.333333333333329,118.33333333333333,122.93333333333334,119.66666666666667,102.40000000000001,85.266666666666666,55.133333333333333,23.933333333333334,8.0,3.0666666666666669,0.26666666666666666,0.33333333333333331,0.40000000000000002,0.40000000000000002,0.80000000000000004,1.8,1.0,0.59999999999999998
0.6,data_20141022_143923_22403_compute-0-55.local.h5,34.666666666666664,47.75,51.916666666666664,46.5,42.666666666666664,42.916666666666664,46.166666666666664,38.5,25.25,21.666666666666668,20.75,17.833333333333332,12.25,13.666666666666666,20.75,30.416666666666668,38.083333333333336,41.166666666666664,43.666666666666664,44.75,83.916666666666671,66.75,89.583333333333329,104.25,99.166666666666671,86.666666666666671,69.416666666666671,44.333333333333336,17.166666666666668,1.4166666666666667,0.0,0.0,0.0,0.0,0.0,0.0,0.0,0.0,0.0,0.0
0.6,data_20141022_144303_27676_compute-0-56.local.h5,0.84615384615384615,1.5384615384615385,1.4615384615384615,2.7692307692307692,3.4615384615384617,8.9230769230769234,20.0,20.076923076923077,19.0,18.76923076923077,18.153846153846153,13.923076923076923,8.4615384615384617,1.9230769230769231,1.0,1.2307692307692308,1.4615384615384615,1.9230769230769231,2.3076923076923075,6.5384615384615383,70.769230769230774,107.07692307692308,184.84615384615384,225.69230769230768,221.69230769230768,213.30769230769232,182.30769230769232,129.15384615384616,65.84615384615384,17.615384615384617,6.4615384615384617,0.76923076923076927,0.0,0.0,0.0,0.0,0.0,0.0,0.0,0.0
0.6,data_20141026_001929_36071_compute-0-59.local.h5,30.866666666666667,22.399999999999999,16.466666666666665,13.466666666666667,10.733333333333333,9.1999999999999993,12.466666666666667,17.266666666666666,19.066666666666666,21.133333333333333,23.399999999999999,34.533333333333331,52.333333333333336,54.333333333333336,57.266666666666666,58.666666666666664,57.733333333333334,51.266666666666666,39.533333333333331,23.866666666666667,46.799999999999997,25.866666666666667,32.200000000000003,36.666666666666664,38.533333333333331,31.666666666666668,28.066666666666666,23.0,15.533333333333333,5.4666666666666668,0.26666666666666666,0.0,0.0,0.0,0.0,0.0,0.0,0.066666666666666666,0.20000000000000001,0.33333333333333331
0.6,data_20141022_143927_27183_compute-0-56.local.h5,23.923076923076923,27.153846153846153,28.53846153846154,30.23076923076923,29.384615384615383,33.153846153846153,27.076923076923077,24.076923076923077,23.46153846153846,19.692307692307693,13.615384615384615,18.076923076923077,17.384615384615383,19.076923076923077,26.76923076923077,37.230769230769234,40.53846153846154,42.230769230769234,45.307692307692307,47.615384615384613,81.92307692307692,48.615384615384613,40.615384615384613,53.384615384615387,68.84615384615384,63.692307692307693,45.769230769230766,26.76923076923077,8.4615384615384617,1.4615384615384615,0.076923076923076927,0.076923076923076927,0.23076923076923078,0.69230769230769229,1.0769230769230769,1.2307692307692308,1.6923076923076923,1.5384615384615385,1.9230769230769231,2.0769230769230771
0.6,data_20141022_144300_22899_compute-0-55.local.h5,0.41666666666666669,0.33333333333333331,1.25,2.25,3.8333333333333335,8.9166666666666661,19.333333333333332,25.583333333333332,32.333333333333336,40.0,36.0,35.083333333333336,27.75,17.5,6.583333333333333,1.9166666666666667,0.58333333333333337,0.58333333333333337,0.75,1.5833333333333333,44.25,62.166666666666664,107.5,142.33333333333334,142.75,132.08333333333334,118.5,91.833333333333329,58.333333333333336,25.333333333333332,14.833333333333334,13.916666666666666,11.166666666666666,5.333333333333333,1.0833333333333333,0.16666666666666666,0.083333333333333329,0.0,0.0,0.0
0.6,data_20141022_144257_11121_compute-0-53.local.h5,20.285714285714285,22.0,23.0,21.142857142857142,19.928571428571427,17.928571428571427,16.0,14.571428571428571,10.928571428571429,4.6428571428571432,1.5714285714285714,1.8571428571428572,2.0,5.8571428571428568,11.928571428571429,24.714285714285715,35.071428571428569,42.071428571428569,43.714285714285715,46.928571428571431,87.357142857142861,65.928571428571431,87.0,122.35714285714286,144.71428571428572,140.64285714285714,120.85714285714286,95.428571428571431,60.285714285714285,18.571428571428573,1.2142857142857142,0.0,0.0,0.0,0.0,0.0,0.0,0.14285714285714285,0.14285714285714285,0.2857142857142857
0.6,data_20141022_143920_10632_compute-0-53.local.h5,2.7692307692307692,6.384615384615385,15.538461538461538,17.923076923076923,18.384615384615383,19.23076923076923,17.0,16.53846153846154,12.076923076923077,6.0769230769230766,1.3076923076923077,0.38461538461538464,0.92307692307692313,0.92307692307692313,1.8461538461538463,3.8461538461538463,11.384615384615385,18.46153846153846,18.923076923076923,19.76923076923077,69.92307692307692,79.230769230769226,132.15384615384616,181.92307692307693,189.61538461538461,171.30769230769232,147.46153846153845,111.23076923076923,59.230769230769234,12.615384615384615,0.23076923076923078,0.0,0.0,0.0,0.076923076923076927,0.0,0.0,0.0,0.076923076923076927,0.15384615384615385
0.6,data_20141026_001917_98093_compute-0-53.local.h5,1.8333333333333333,1.0833333333333333,0.91666666666666663,0.5,0.66666666666666663,0.75,0.66666666666666663,1.25,2.0,2.4166666666666665,2.25,3.9166666666666665,7.833333333333333,19.416666666666668,20.666666666666668,21.75,18.833333333333332,17.333333333333332,14.916666666666666,12.0,62.583333333333336,67.75,113.75,165.91666666666666,176.75,159.08333333333334,134.0,101.41666666666667,49.0,8.0833333333333339,0.16666666666666666,0.0,0.0,0.0,0.0,0.0,0.0,0.0,0.0,0.0
0.6,data_20141026_001920_113909_compute-0-55.local.h5,0.23076923076923078,0.30769230769230771,0.69230769230769229,1.3846153846153846,2.2307692307692308,4.0769230769230766,6.3076923076923075,15.461538461538462,17.384615384615383,17.76923076923077,17.0,15.23076923076923,11.0,4.615384615384615,1.0769230769230769,0.76923076923076927,0.53846153846153844,0.53846153846153844,0.38461538461538464,0.84615384615384615,48.0,60.692307692307693,127.15384615384616,179.69230769230768,186.0,159.61538461538461,125.76923076923077,71.84615384615384,20.153846153846153,4.1538461538461542,0.15384615384615385,0.0,0.0,0.0,0.0,0.0,0.0,0.0,0.0,0.0
0.6,data_20141022_144309_117307_compute-0-59.local.h5,19.692307692307693,20.076923076923077,18.846153846153847,20.153846153846153,27.615384615384617,23.0,19.076923076923077,18.46153846153846,14.846153846153847,11.76923076923077,8.8461538461538467,12.692307692307692,21.0,18.384615384615383,20.153846153846153,20.692307692307693,16.692307692307693,13.384615384615385,9.615384615384615,6.384615384615385,49.153846153846153,52.384615384615387,96.307692307692307,124.84615384615384,140.38461538461539,144.53846153846155,133.15384615384616,98.07692307692308,57.92307692307692,29.692307692307693,12.384615384615385,4.5384615384615383,0.46153846153846156,0.15384615384615385,0.076923076923076927,0.076923076923076927,0.15384615384615385,0.0,0.15384615384615385,0.23076923076923078
0.6,data_20141022_143933_116944_compute-0-59.local.h5,16.384615384615383,26.0,34.46153846153846,37.53846153846154,39.46153846153846,38.846153846153847,34.846153846153847,34.846153846153847,29.0,23.0,26.76923076923077,30.846153846153847,33.07692307692308,35.846153846153847,34.230769230769234,35.307692307692307,31.384615384615383,28.23076923076923,24.153846153846153,17.923076923076923,45.384615384615387,40.07692307692308,74.92307692307692,122.0,127.46153846153847,129.53846153846155,123.53846153846153,104.30769230769231,77.307692307692307,37.846153846153847,15.538461538461538,9.615384615384615,6.1538461538461542,1.0769230769230769,0.076923076923076927,0.15384615384615385,0.15384615384615385,0.15384615384615385,0.23076923076923078,0.46153846153846156
0.6,data_20141026_001923_117650_compute-0-56.local.h5,48.92307692307692,45.07692307692308,35.153846153846153,24.307692307692307,18.46153846153846,16.384615384615383,12.538461538461538,8.5384615384615383,4.0,4.8461538461538458,5.615384615384615,10.76923076923077,21.53846153846154,27.76923076923077,32.769230769230766,37.07692307692308,37.615384615384613,35.07692307692308,27.076923076923077,16.53846153846154,54.07692307692308,50.769230769230766,87.307692307692307,123.23076923076923,144.07692307692307,145.76923076923077,131.23076923076923,104.46153846153847,74.384615384615387,34.92307692307692,9.7692307692307701,1.3076923076923077,0.0,0.0,0.0,0.0,0.0,0.0,0.076923076923076927,0.076923076923076927
0.6,data_20141022_143929_53123_compute-0-57.local.h5,1.2307692307692308,1.7692307692307692,3.8461538461538463,6.384615384615385,14.923076923076923,15.76923076923077,20.76923076923077,21.384615384615383,23.615384615384617,28.0,26.923076923076923,24.53846153846154,22.0,21.53846153846154,20.384615384615383,25.23076923076923,32.384615384615387,35.153846153846153,38.0,38.307692307692307,78.92307692307692,70.769230769230774,102.23076923076923,128.84615384615384,152.61538461538461,140.38461538461539,131.38461538461539,108.15384615384616,75.15384615384616,26.692307692307693,1.8461538461538463,0.0,0.0,0.0,0.0,0.0,0.076923076923076927,0.15384615384615385,0.23076923076923078,0.23076923076923078
0.6,data_20141026_001926_143524_compute-0-57.local.h5,18.615384615384617,16.23076923076923,12.307692307692308,7.6923076923076925,2.4615384615384617,0.46153846153846156,0.84615384615384615,1.0769230769230769,1.9230769230769231,2.9230769230769229,4.0769230769230766,7.1538461538461542,14.76923076923077,20.53846153846154,24.76923076923077,34.692307692307693,34.92307692307692,33.846153846153847,30.307692307692307,24.846153846153847,60.615384615384613,56.46153846153846,87.692307692307693,125.15384615384616,151.92307692307693,157.76923076923077,145.15384615384616,117.23076923076923,77.84615384615384,33.846153846153847,12.461538461538462,3.7692307692307692,0.53846153846153844,0.0,0.076923076923076927,0.076923076923076927,0.076923076923076927,0.0,0.0,0.15384615384615385
0.7,data_20141022_144254_117186_compute-0-59.local.h5,33.692307692307693,35.615384615384613,35.846153846153847,35.307692307692307,28.076923076923077,18.923076923076923,9.615384615384615,3.9230769230769229,1.3846153846153846,1.3846153846153846,1.0,0.61538461538461542,0.61538461538461542,0.69230769230769229,0.69230769230769229,0.46153846153846156,0.30769230769230771,0.76923076923076927,1.2307692307692308,1.6153846153846154,45.46153846153846,42.0,88.769230769230774,151.53846153846155,167.0,164.92307692307693,152.76923076923077,125.92307692307692,83.0,32.846153846153847,9.2307692307692299,4.384615384615385,0.15384615384615385,0.0,0.0,0.0,0.0,0.0,0.0,0.076923076923076927
0.7,data_20141026_001911_143368_compute-0-57.local.h5,26.0,17.75,8.3333333333333339,2.9166666666666665,1.1666666666666667,1.3333333333333333,1.0833333333333333,0.75,0.58333333333333337,0.83333333333333337,1.0,1.9166666666666667,2.9166666666666665,4.916666666666667,8.9166666666666661,15.583333333333334,20.333333333333332,19.166666666666668,21.25,20.833333333333332,73.333333333333329,64.333333333333329,104.0,133.75,139.66666666666666,121.58333333333333,100.16666666666667,75.916666666666671,36.0,6.666666666666667,0.25,0.0,0.0,0.0,0.0,0.0,0.0,0.0,0.0,0.0
0.7,data_20141022_143906_10489_compute-0-53.local.h5,2.6666666666666665,5.166666666666667,10.333333333333334,12.166666666666666,13.166666666666666,15.833333333333334,18.583333333333332,24.166666666666668,25.0,26.083333333333332,16.25,16.333333333333332,18.666666666666668,17.333333333333332,14.25,8.1666666666666661,1.9166666666666667,2.0,3.5,5.583333333333333,66.25,53.833333333333336,73.666666666666671,83.333333333333329,95.083333333333329,90.166666666666671,73.083333333333329,43.5,15.583333333333334,1.75,0.0,0.0,0.0,0.0,0.083333333333333329,0.083333333333333329,0.33333333333333331,0.41666666666666669,0.25,0.16666666666666666
0.7,data_20141022_143912_27027_compute-0-56.local.h5,2.75,4.333333333333333,7.25,14.083333333333334,31.916666666666668,41.416666666666664,55.0,65.75,67.083333333333329,68.833333333333329,65.416666666666671,64.75,55.416666666666664,43.583333333333336,36.916666666666664,35.666666666666664,37.583333333333336,30.666666666666668,33.25,37.083333333333336,61.5,38.0,40.916666666666664,56.166666666666664,71.333333333333329,65.416666666666671,60.25,58.5,43.416666666666664,21.583333333333332,9.5833333333333339,3.6666666666666665,0.41666666666666669,0.0,0.0,0.083333333333333329,0.083333333333333329,0.16666666666666666,0.083333333333333329,0.0
0.7,data_20141026_001902_97951_compute-0-53.local.h5,21.083333333333332,27.666666666666668,28.75,23.166666666666668,20.5,21.0,19.083333333333332,18.083333333333332,14.5,13.333333333333334,15.25,18.833333333333332,20.0,20.083333333333332,19.166666666666668,17.916666666666668,11.083333333333334,4.583333333333333,1.9166666666666667,1.6666666666666667,48.416666666666664,43.166666666666664,75.583333333333329,111.83333333333333,117.25,120.5,108.66666666666667,94.75,62.833333333333336,31.5,18.583333333333332,17.333333333333332,14.083333333333334,10.0,3.5833333333333335,0.66666666666666663,0.25,0.083333333333333329,0.0,0.083333333333333329
0.7,data_20141022_143915_52967_compute-0-57.local.h5,1.0,1.6153846153846154,2.1538461538461537,2.0,2.3076923076923075,1.9230769230769231,1.3076923076923077,1.3076923076923077,1.5384615384615385,2.6923076923076925,2.5384615384615383,3.4615384615384617,3.6923076923076925,5.4615384615384617,7.0769230769230766,9.8461538461538467,13.307692307692308,17.0,19.76923076923077,17.53846153846154,71.0,71.92307692307692,98.615384615384613,139.92307692307693,156.84615384615384,135.38461538461539,97.538461538461533,51.0,14.923076923076923,1.6153846153846154,0.076923076923076927,0.0,0.0,0.0,0.0,0.0,0.0,0.0,0.0,0.0
0.7,data_20141022_144245_22773_compute-0-55.local.h5,19.083333333333332,20.5,17.166666666666668,16.416666666666668,9.5,2.9166666666666665,1.0,0.5,0.5,0.5,0.75,1.25,1.6666666666666667,2.0833333333333335,3.6666666666666665,10.333333333333334,17.25,17.5,18.666666666666668,21.333333333333332,81.833333333333329,64.666666666666671,83.0,115.0,137.58333333333334,140.08333333333334,124.83333333333333,91.083333333333329,45.833333333333336,14.25,3.0833333333333335,0.0,0.0,0.0,0.0,0.0,0.0,0.0,0.0,0.25
0.7,data_20141022_143909_22279_compute-0-55.local.h5,16.166666666666668,15.916666666666666,14.75,11.25,6.166666666666667,3.5833333333333335,5.666666666666667,10.916666666666666,19.666666666666668,16.5,14.833333333333334,12.833333333333334,10.166666666666666,8.8333333333333339,11.416666666666666,16.25,16.666666666666668,18.333333333333332,21.333333333333332,22.5,65.75,46.166666666666664,68.5,98.25,94.666666666666671,84.0,64.75,31.25,9.4166666666666661,2.3333333333333335,0.0,0.0,0.0,0.0,0.0,0.083333333333333329,0.083333333333333329,0.0,0.0,0.083333333333333329
0.7,data_20141022_144251_53460_compute-0-57.local.h5,6.9333333333333336,7.7333333333333334,9.0,13.066666666666666,17.399999999999999,17.199999999999999,17.066666666666666,16.266666666666666,15.733333333333333,17.0,17.600000000000001,17.0,18.800000000000001,17.133333333333333,16.0,14.333333333333334,15.466666666666667,13.533333333333333,11.066666666666666,7.5999999999999996,38.200000000000003,34.799999999999997,57.466666666666669,115.06666666666666,132.93333333333334,106.0,92.13333333333334,65.333333333333329,27.800000000000001,3.0666666666666669,0.13333333333333333,0.40000000000000002,0.33333333333333331,0.33333333333333331,0.26666666666666666,0.26666666666666666,0.066666666666666666,0.0,0.59999999999999998,1.0666666666666667
0.7,data_20141026_001905_113782_compute-0-55.local.h5,20.266666666666666,22.733333333333334,24.666666666666668,25.399999999999999,24.933333333333334,25.466666666666665,29.266666666666666,31.733333333333334,28.399999999999999,24.466666666666665,16.600000000000001,8.6666666666666661,3.7999999999999998,1.3999999999999999,1.8,2.2666666666666666,2.8666666666666667,3.6666666666666665,5.4000000000000004,5.7333333333333334,43.333333333333336,37.666666666666664,71.333333333333329,130.13333333333333,154.26666666666668,157.80000000000001,153.59999999999999,125.59999999999999,88.666666666666671,44.666666666666664,12.933333333333334,4.2000000000000002,0.20000000000000001,0.0,0.0,0.066666666666666666,0.0,0.0,0.0,0.0
0.7,data_20141026_001908_117491_compute-0-56.local.h5,17.75,15.666666666666666,10.25,7.666666666666667,14.666666666666666,17.5,16.833333333333332,20.083333333333332,18.583333333333332,15.916666666666666,11.166666666666666,3.5833333333333335,1.5833333333333333,0.83333333333333337,0.75,1.5,1.5833333333333333,2.4166666666666665,3.4166666666666665,7.333333333333333,64.25,55.333333333333336,85.0,119.25,145.08333333333334,139.33333333333334,108.5,80.0,35.5,6.416666666666667,0.25,0.0,0.0,0.0,0.0,0.0,0.083333333333333329,0.083333333333333329,0.083333333333333329,0.0
0.7,data_20141022_144242_10981_compute-0-53.local.h5,40.769230769230766,51.92307692307692,64.307692307692307,71.461538461538467,67.15384615384616,65.0,47.92307692307692,34.307692307692307,18.076923076923077,10.384615384615385,5.3076923076923075,2.7692307692307692,4.3076923076923075,8.3076923076923084,18.53846153846154,30.46153846153846,35.230769230769234,41.07692307692308,47.153846153846153,49.46153846153846,67.692307692307693,38.307692307692307,44.07692307692308,67.615384615384613,76.92307692307692,71.84615384615384,59.53846153846154,42.384615384615387,28.846153846153847,13.461538461538462,2.0769230769230771,0.0,0.0,0.0,0.0,0.0,0.0,0.0,0.0,0.0
0.7,data_20141026_001914_35933_compute-0-59.local.h5,20.928571428571427,9.7142857142857135,3.6428571428571428,1.7142857142857142,1.8571428571428572,2.5,5.5714285714285712,14.928571428571429,17.857142857142858,16.285714285714285,17.785714285714285,16.357142857142858,12.785714285714286,11.857142857142858,13.214285714285714,17.0,18.928571428571427,20.428571428571427,18.785714285714285,20.357142857142858,59.857142857142854,44.785714285714285,72.285714285714292,105.21428571428571,107.0,93.142857142857139,75.928571428571431,51.0,22.928571428571427,3.8571428571428572,0.14285714285714285,0.14285714285714285,0.071428571428571425,0.21428571428571427,0.21428571428571427,0.2857142857142857,0.35714285714285715,0.2857142857142857,0.2857142857142857,0.14285714285714285
0.7,data_20141022_144248_27518_compute-0-56.local.h5,18.071428571428573,18.642857142857142,17.785714285714285,16.071428571428573,14.785714285714286,18.928571428571427,17.285714285714285,15.785714285714286,13.5,8.6428571428571423,5.5,10.785714285714286,26.428571428571427,34.142857142857146,43.642857142857146,47.214285714285715,49.142857142857146,47.928571428571431,46.285714285714285,43.285714285714285,71.428571428571431,52.0,83.214285714285708,119.78571428571429,118.78571428571429,113.21428571428571,95.5,65.714285714285708,35.214285714285715,16.142857142857142,11.928571428571429,7.7857142857142856,2.0,0.0,0.0,0.0,0.0,0.0,0.0,0.0
0.7,data_20141022_143918_116818_compute-0-59.local.h5,14.75,11.083333333333334,9.0,10.583333333333334,17.166666666666668,23.0,28.5,36.166666666666664,41.166666666666664,46.166666666666664,44.833333333333336,39.333333333333336,38.416666666666664,35.083333333333336,26.25,18.25,11.333333333333334,6.416666666666667,8.0833333333333339,16.083333333333332,66.916666666666671,66.166666666666671,108.5,150.33333333333334,165.16666666666666,148.83333333333334,128.66666666666666,93.333333333333329,44.666666666666664,8.75,0.58333333333333337,0.0,0.0,0.083333333333333329,0.25,0.16666666666666666,0.5,0.75,0.5,0.91666666666666663
0.8,data_20141103_123617_234047_compute-0-1.local.h5,1.1538461538461537,0.84615384615384615,0.92307692307692313,1.0769230769230769,1.1538461538461537,1.2307692307692308,1.1538461538461537,1.0769230769230769,1.1538461538461537,1.4615384615384615,0.69230769230769229,2.0769230769230771,1.3846153846153846,2.0769230769230771,3.5384615384615383,7.1538461538461542,16.923076923076923,22.384615384615383,26.692307692307693,35.46153846153846,84.84615384615384,63.384615384615387,88.15384615384616,141.76923076923077,154.15384615384616,142.23076923076923,100.76923076923077,52.615384615384613,20.846153846153847,2.8461538461538463,0.0,0.0,0.0,0.0,0.0,0.0,0.0,0.0,0.0,0.0
0.8,data_20141103_123620_212067_compute-0-2.local.h5,18.666666666666668,19.199999999999999,19.066666666666666,17.866666666666667,15.066666666666666,14.266666666666667,10.666666666666666,5.2666666666666666,1.8666666666666667,1.2666666666666666,1.1333333333333333,1.3999999999999999,2.0,2.3999999999999999,2.9333333333333331,5.4666666666666668,9.5333333333333332,13.6,16.266666666666666,15.533333333333333,57.533333333333331,31.199999999999999,42.466666666666669,82.066666666666663,106.73333333333333,115.06666666666666,111.06666666666666,100.33333333333333,82.666666666666671,51.06666666666667,26.866666666666667,9.7333333333333325,3.4666666666666668,0.66666666666666663,0.53333333333333333,0.33333333333333331,0.40000000000000002,0.53333333333333333,0.40000000000000002,0.20000000000000001
0.8,data_20141022_143857_62594_compute-0-46.local.h5,4.5999999999999996,1.5333333333333334,0.8666666666666667,1.3999999999999999,2.0,3.0,4.2000000000000002,6.333333333333333,11.0,15.0,15.533333333333333,20.466666666666665,24.0,27.0,30.266666666666666,27.733333333333334,25.199999999999999,21.399999999999999,19.133333333333333,13.333333333333334,59.666666666666664,45.0,54.0,70.666666666666671,90.200000000000003,96.599999999999994,76.733333333333334,37.200000000000003,9.5999999999999996,0.80000000000000004,0.066666666666666666,1.4666666666666666,1.0,0.26666666666666666,0.26666666666666666,0.26666666666666666,0.26666666666666666,0.26666666666666666,0.13333333333333333,0.13333333333333333
0.8,data_20141103_123623_201076_compute-0-3.local.h5,1.25,1.5,1.75,2.3333333333333335,2.0,1.75,1.8333333333333333,1.8333333333333333,2.25,3.3333333333333335,4.75,7.0,12.166666666666666,18.916666666666668,20.416666666666668,21.25,23.0,24.583333333333332,28.5,29.666666666666668,91.75,65.583333333333329,81.166666666666671,124.0,143.91666666666666,139.0,119.41666666666667,83.333333333333329,40.666666666666664,15.0,3.1666666666666665,0.083333333333333329,0.0,0.0,0.0,0.0,0.0,0.0,0.0,0.0
0.8,data_20141022_144239_23884_compute-0-52.local.h5,2.3999999999999999,4.2000000000000002,10.866666666666667,16.666666666666668,19.333333333333332,30.733333333333334,36.0,43.200000000000003,45.600000000000001,48.799999999999997,55.533333333333331,62.133333333333333,57.133333333333333,59.866666666666667,56.200000000000003,51.06666666666667,47.866666666666667,40.0,28.199999999999999,18.933333333333334,43.666666666666664,25.133333333333333,36.399999999999999,70.533333333333331,92.933333333333337,109.40000000000001,92.200000000000003,81.13333333333334,59.93333333333333,39.666666666666664,24.266666666666666,15.533333333333333,15.0,13.333333333333334,11.666666666666666,8.0,3.3999999999999999,0.93333333333333335,0.40000000000000002,0.8666666666666667
0.8,data_20141022_143903_23510_compute-0-52.local.h5,16.46153846153846,24.0,29.76923076923077,31.23076923076923,35.53846153846154,33.53846153846154,28.076923076923077,18.076923076923077,9.0,5.3076923076923075,6.5384615384615383,10.538461538461538,12.307692307692308,17.153846153846153,23.46153846153846,29.384615384615383,32.0,39.153846153846153,44.53846153846154,38.230769230769234,75.84615384615384,39.307692307692307,44.46153846153846,63.153846153846153,83.0,87.0,69.615384615384613,46.846153846153847,22.923076923076923,6.6923076923076925,0.53846153846153844,0.23076923076923078,0.076923076923076927,0.076923076923076927,0.0,0.0,0.0,0.0,0.15384615384615385,0.38461538461538464
0.8,data_20141022_143851_9872_compute-0-42.local.h5,10.538461538461538,16.076923076923077,21.846153846153847,28.153846153846153,32.307692307692307,31.615384615384617,31.692307692307693,27.23076923076923,20.0,10.307692307692308,3.1538461538461537,1.5384615384615385,2.0769230769230771,1.6153846153846154,1.6923076923076923,3.0769230769230771,6.6923076923076925,10.692307692307692,19.076923076923077,25.692307692307693,72.0,53.769230769230766,80.769230769230774,138.76923076923077,163.07692307692307,147.30769230769232,122.92307692307692,83.692307692307693,51.53846153846154,23.23076923076923,10.615384615384615,2.2307692307692308,0.0,0.0,0.0,0.0,0.0,0.0,0.0,0.23076923076923078
0.8,data_20141022_144233_62967_compute-0-46.local.h5,6.2307692307692308,7.9230769230769234,10.538461538461538,11.76923076923077,15.923076923076923,24.76923076923077,26.46153846153846,28.615384615384617,31.692307692307693,35.0,30.923076923076923,29.846153846153847,31.692307692307693,33.846153846153847,29.384615384615383,28.307692307692307,32.615384615384613,29.53846153846154,30.46153846153846,33.692307692307693,72.538461538461533,53.46153846153846,60.692307692307693,81.0,112.46153846153847,115.07692307692308,102.61538461538461,83.538461538461533,60.92307692307692,37.692307692307693,15.0,5.0,0.84615384615384615,0.61538461538461542,0.69230769230769229,0.84615384615384615,0.38461538461538464,0.23076923076923078,0.23076923076923078,0.46153846153846156
0.8,data_20141022_144227_10257_compute-0-42.local.h5,0.16666666666666666,0.58333333333333337,0.58333333333333337,0.66666666666666663,1.0,1.5833333333333333,1.5,2.3333333333333335,3.9166666666666665,6.916666666666667,11.916666666666666,19.333333333333332,20.75,23.416666666666668,26.833333333333332,28.25,23.916666666666668,19.75,20.75,14.666666666666666,58.916666666666664,37.583333333333336,52.916666666666664,100.08333333333333,147.08333333333334,139.08333333333334,110.41666666666667,68.666666666666671,30.166666666666668,6.75,0.58333333333333337,0.0,0.0,0.0,0.0,0.0,0.0,0.0,0.0,0.0
0.8,data_20141022_144236_29962_compute-0-49.local.h5,8.1428571428571423,12.642857142857142,18.857142857142858,23.785714285714285,27.571428571428573,28.642857142857142,26.714285714285715,22.785714285714285,19.285714285714285,24.857142857142858,37.142857142857146,49.928571428571431,48.928571428571431,48.571428571428569,50.5,45.857142857142854,33.571428571428569,23.785714285714285,15.5,8.3571428571428577,42.071428571428569,28.5,48.928571428571431,84.714285714285708,95.071428571428569,80.285714285714292,62.928571428571431,40.714285714285715,13.928571428571429,2.1428571428571428,0.071428571428571425,0.071428571428571425,0.0,0.0,0.071428571428571425,0.0,0.14285714285714285,0.21428571428571427,0.14285714285714285,0.14285714285714285
0.8,data_20141022_143900_29558_compute-0-49.local.h5,1.1666666666666667,1.1666666666666667,1.1666666666666667,0.75,0.66666666666666663,0.91666666666666663,0.75,0.75,1.1666666666666667,2.3333333333333335,4.833333333333333,9.0833333333333339,11.833333333333334,16.333333333333332,20.083333333333332,23.25,21.583333333333332,20.333333333333332,19.0,19.75,72.5,56.333333333333336,84.833333333333329,132.5,142.08333333333334,141.16666666666666,140.25,104.25,69.666666666666671,42.666666666666664,29.583333333333332,11.666666666666666,1.5833333333333333,0.0,0.0,0.0,0.0,0.0,0.0,0.0
0.8,data_20141103_123626_236633_compute-0-4.local.h5,25.75,30.0,28.333333333333332,31.083333333333332,38.0,46.916666666666664,48.0,50.583333333333336,47.5,42.416666666666664,42.166666666666664,35.083333333333336,25.5,19.25,17.833333333333332,12.166666666666666,6.666666666666667,1.1666666666666667,1.0833333333333333,1.0833333333333333,42.25,30.75,52.0,87.5,108.5,110.25,98.75,71.166666666666671,41.416666666666664,14.666666666666666,3.25,0.0,0.0,0.0,0.0,0.0,0.0,0.0,0.0,0.083333333333333329
0.8,data_20141022_143854_17608_compute-0-45.local.h5,5.0,4.666666666666667,4.4000000000000004,3.7333333333333334,3.0666666666666669,2.6666666666666665,3.3999999999999999,5.4666666666666668,8.1333333333333329,11.6,15.533333333333333,21.866666666666667,24.933333333333334,25.933333333333334,27.866666666666667,24.399999999999999,18.266666666666666,14.866666666666667,12.6,8.6666666666666661,51.666666666666664,48.133333333333333,82.266666666666666,155.66666666666666,194.06666666666666,168.26666666666668,142.13333333333333,102.73333333333333,57.133333333333333,15.266666666666667,0.80000000000000004,0.0,0.46666666666666667,0.0,0.0,0.0,0.0,0.0,0.0,0.066666666666666666
0.8,data_20141022_144230_17978_compute-0-45.local.h5,1.0,0.75,1.1666666666666667,1.3333333333333333,2.3333333333333335,4.166666666666667,6.5,12.25,13.833333333333334,15.75,16.083333333333332,12.916666666666666,9.5,4.416666666666667,1.0833333333333333,2.0,2.25,4.5,6.25,9.25,57.916666666666664,46.333333333333336,63.833333333333336,106.58333333333333,147.75,130.91666666666666,98.5,60.916666666666664,21.083333333333332,5.916666666666667,2.5,0.083333333333333329,0.0,0.0,0.0,0.0,0.0,0.0,0.0,0.0
0.8,data_20141103_123614_3563_compute-0-0.local.h5,2.1538461538461537,3.6153846153846154,4.7692307692307692,8.0769230769230766,15.538461538461538,20.307692307692307,26.615384615384617,28.846153846153847,23.23076923076923,18.153846153846153,12.692307692307692,9.3076923076923084,7.5384615384615383,11.0,11.76923076923077,15.23076923076923,17.0,18.692307692307693,18.692307692307693,15.23076923076923,58.53846153846154,35.230769230769234,41.307692307692307,61.07692307692308,77.07692307692308,89.692307692307693,74.15384615384616,52.846153846153847,28.307692307692307,10.384615384615385,1.7692307692307692,0.15384615384615385,0.0,0.0,0.15384615384615385,0.076923076923076927,0.61538461538461542,0.69230769230769229,1.0,1.0769230769230769
0.9,data_20141022_144221_26475_compute-0-38.local.h5,13.307692307692308,9.2307692307692299,6.0769230769230766,4.7692307692307692,5.615384615384615,5.1538461538461542,6.5384615384615383,7.6923076923076925,9.615384615384615,12.923076923076923,17.615384615384617,17.076923076923077,12.384615384615385,10.846153846153847,11.153846153846153,16.615384615384617,15.076923076923077,16.0,12.846153846153847,11.461538461538462,63.615384615384613,38.07692307692308,56.384615384615387,95.15384615384616,154.30769230769232,146.84615384615384,102.76923076923077,59.307692307692307,20.76923076923077,1.3076923076923077,0.0,0.0,0.0,0.076923076923076927,0.076923076923076927,0.0,0.0,0.15384615384615385,0.076923076923076927,0.38461538461538464
0.9,data_20141103_123605_219529_compute-0-22.local.h5,14.615384615384615,13.76923076923077,11.846153846153847,7.9230769230769234,2.9230769230769229,2.1538461538461537,2.2307692307692308,1.6923076923076923,1.5384615384615385,1.5384615384615385,1.9230769230769231,1.3846153846153846,1.6153846153846154,1.9230769230769231,3.6153846153846154,5.6923076923076925,8.3076923076923084,15.615384615384615,22.53846153846154,33.07692307692308,82.307692307692307,45.769230769230766,51.230769230769234,87.615384615384613,127.76923076923077,104.76923076923077,76.384615384615387,57.07692307692308,26.923076923076923,5.615384615384615,0.30769230769230771,0.0,0.0,0.0,0.0,0.30769230769230771,0.30769230769230771,0.53846153846153844,0.53846153846153844,0.46153846153846156
0.9,data_20141022_143839_60722_compute-0-32.local.h5,18.25,18.166666666666668,17.583333333333332,17.416666666666668,16.916666666666668,19.583333333333332,29.083333333333332,45.0,54.083333333333336,59.25,57.083333333333336,49.25,34.583333333333336,18.833333333333332,5.25,1.8333333333333333,2.3333333333333335,3.25,3.0,4.0,45.25,31.583333333333332,48.916666666666664,91.083333333333329,107.0,88.333333333333329,66.25,41.0,13.916666666666666,1.5833333333333333,0.0,0.0,0.0,0.0,0.0,0.0,0.33333333333333331,0.25,0.66666666666666663,0.16666666666666666
0.9,data_20141022_143842_24456_compute-0-35.local.h5,3.2307692307692308,4.0769230769230766,4.1538461538461542,5.3076923076923075,8.384615384615385,12.0,16.23076923076923,22.692307692307693,32.846153846153847,34.615384615384613,30.23076923076923,24.76923076923077,13.538461538461538,7.1538461538461542,6.2307692307692308,10.0,14.076923076923077,13.23076923076923,14.307692307692308,16.615384615384617,56.53846153846154,35.692307692307693,44.846153846153847,71.0,112.76923076923077,114.61538461538461,84.769230769230774,56.384615384615387,25.384615384615383,5.3076923076923075,0.92307692307692313,0.38461538461538464,0.23076923076923078,0.15384615384615385,0.23076923076923078,0.46153846153846156,0.46153846153846156,0.46153846153846156,0.15384615384615385,0.076923076923076927
0.9,data_20141103_123602_194143_compute-0-21.local.h5,6.9230769230769234,9.2307692307692299,16.23076923076923,16.53846153846154,15.538461538461538,13.23076923076923,10.384615384615385,6.0,1.7692307692307692,1.1538461538461537,1.6923076923076923,2.0769230769230771,3.0,3.7692307692307692,5.0769230769230766,8.615384615384615,15.384615384615385,21.307692307692307,23.615384615384617,31.0,72.92307692307692,37.384615384615387,40.53846153846154,64.230769230769226,103.53846153846153,113.0,100.38461538461539,83.461538461538467,52.384615384615387,18.384615384615383,1.9230769230769231,0.0,0.0,0.0,0.076923076923076927,0.0,0.0,0.0,0.0,0.15384615384615385
0.9,data_20141103_123608_111639_compute-0-23.local.h5,9.1538461538461533,6.8461538461538458,3.5384615384615383,4.1538461538461542,4.3076923076923075,4.3076923076923075,4.384615384615385,5.3076923076923075,4.4615384615384617,4.615384615384615,6.2307692307692308,6.3076923076923075,8.9230769230769234,14.461538461538462,13.0,9.0,7.2307692307692308,6.1538461538461542,10.76923076923077,11.615384615384615,60.615384615384613,35.0,37.384615384615387,54.307692307692307,87.615384615384613,74.615384615384613,48.53846153846154,24.153846153846153,5.3076923076923075,0.23076923076923078,0.0,0.0,0.0,0.0,0.0,0.0,0.0,0.0,0.0,0.0
0.9,data_20141022_144212_13742_compute-0-29.local.h5,12.461538461538462,15.846153846153847,21.0,25.692307692307693,26.076923076923077,28.153846153846153,22.846153846153847,26.923076923076923,31.153846153846153,32.846153846153847,25.46153846153846,17.923076923076923,6.4615384615384617,4.4615384615384617,7.1538461538461542,12.692307692307692,18.692307692307693,19.53846153846154,21.384615384615383,24.153846153846153,64.769230769230774,35.46153846153846,35.46153846153846,44.46153846153846,73.307692307692307,96.0,85.92307692307692,73.0,58.384615384615387,31.615384615384617,11.76923076923077,3.9230769230769229,0.53846153846153844,0.23076923076923078,0.15384615384615385,0.46153846153846156,0.53846153846153844,0.61538461538461542,0.76923076923076927,0.61538461538461542
0.9,data_20141022_144215_61087_compute-0-32.local.h5,11.923076923076923,14.076923076923077,13.615384615384615,10.538461538461538,7.8461538461538458,3.1538461538461537,0.76923076923076927,0.46153846153846156,0.69230769230769229,0.53846153846153844,0.84615384615384615,0.76923076923076927,0.61538461538461542,0.61538461538461542,0.46153846153846156,1.0,1.3076923076923077,1.3076923076923077,1.2307692307692308,2.3846153846153846,54.46153846153846,34.92307692307692,48.46153846153846,78.0,108.46153846153847,98.769230769230774,80.307692307692307,52.92307692307692,23.307692307692307,6.6923076923076925,0.53846153846153844,0.0,0.0,0.0,0.0,0.0,0.076923076923076927,0.076923076923076927,0.0,0.15384615384615385
0.9,data_20141022_144218_24822_compute-0-35.local.h5,8.8461538461538467,9.0769230769230766,13.846153846153847,18.076923076923077,15.923076923076923,11.692307692307692,7.9230769230769234,3.2307692307692308,1.1538461538461537,1.2307692307692308,1.3846153846153846,0.92307692307692313,0.61538461538461542,1.3076923076923077,0.69230769230769229,0.61538461538461542,0.92307692307692313,1.0769230769230769,1.5384615384615385,2.5384615384615383,41.46153846153846,22.692307692307693,28.692307692307693,46.846153846153847,88.384615384615387,107.69230769230769,94.07692307692308,75.0,51.07692307692308,22.307692307692307,4.5384615384615383,0.30769230769230771,0.0,0.0,0.0,0.076923076923076927,0.30769230769230771,0.15384615384615385,0.15384615384615385,0.38461538461538464
0.9,data_20141022_144224_13386_compute-0-39.local.h5,12.416666666666666,8.1666666666666661,4.916666666666667,10.083333333333334,15.333333333333334,17.25,18.416666666666668,20.0,19.416666666666668,13.416666666666666,7.833333333333333,3.5,2.0833333333333335,2.3333333333333335,2.0833333333333335,1.5833333333333333,1.6666666666666667,0.83333333333333337,1.0833333333333333,1.4166666666666667,57.75,33.083333333333336,51.5,88.166666666666671,116.25,116.25,112.91666666666667,82.0,47.083333333333336,20.25,11.416666666666666,7.166666666666667,2.4166666666666665,0.083333333333333329,0.0,0.0,0.0,0.0,0.0,0.0
0.9,data_20141103_123611_207736_compute-0-24.local.h5,12.75,12.333333333333334,11.5,8.8333333333333339,4.666666666666667,4.416666666666667,4.083333333333333,3.5,4.583333333333333,3.8333333333333335,3.3333333333333335,2.4166666666666665,2.5,2.8333333333333335,4.166666666666667,6.5,10.5,15.666666666666666,14.666666666666666,12.5,48.916666666666664,21.333333333333332,18.916666666666668,24.25,40.75,61.916666666666664,75.583333333333329,67.0,47.416666666666664,32.5,16.083333333333332,5.0,0.41666666666666669,0.083333333333333329,0.25,0.83333333333333337,1.3333333333333333,1.75,1.5833333333333333,1.6666666666666667
0.9,data_20141022_143848_13022_compute-0-39.local.h5,16.23076923076923,28.153846153846153,41.846153846153847,49.46153846153846,52.92307692307692,61.07692307692308,59.846153846153847,52.230769230769234,38.769230769230766,38.615384615384613,42.769230769230766,35.692307692307693,32.230769230769234,27.307692307692307,20.076923076923077,11.615384615384615,6.0769230769230766,2.1538461538461537,0.53846153846153844,0.53846153846153844,29.076923076923077,14.076923076923077,20.46153846153846,34.615384615384613,67.692307692307693,76.307692307692307,82.92307692307692,65.692307692307693,48.46153846153846,32.53846153846154,18.153846153846153,9.1538461538461533,2.0,0.61538461538461542,0.69230769230769229,0.61538461538461542,0.76923076923076927,0.46153846153846156,0.23076923076923078,0.23076923076923078
0.9,data_20141103_123559_204313_compute-0-20.local.h5,11.4,17.466666666666665,15.266666666666667,15.933333333333334,14.733333333333333,13.933333333333334,15.133333333333333,16.0,14.933333333333334,15.0,12.466666666666667,10.533333333333333,6.5999999999999996,7.2666666666666666,11.066666666666666,14.866666666666667,22.533333333333335,29.133333333333333,30.133333333333333,26.266666666666666,56.133333333333333,27.866666666666667,34.666666666666664,59.600000000000001,84.666666666666671,85.666666666666671,74.533333333333331,54.666666666666664,28.133333333333333,11.466666666666667,5.5333333333333332,2.0666666666666669,1.0,0.59999999999999998,0.53333333333333333,1.0,1.2,1.2666666666666666,1.2666666666666666,1.2666666666666666
0.9,data_20141022_143836_13376_compute-0-29.local.h5,9.8461538461538467,14.615384615384615,15.461538461538462,11.692307692307692,6.4615384615384617,2.2307692307692308,1.5384615384615385,1.5384615384615385,1.8461538461538463,2.2307692307692308,3.0769230769230771,4.5384615384615383,5.5384615384615383,9.9230769230769234,13.76923076923077,14.23076923076923,15.615384615384615,15.307692307692308,11.692307692307692,6.5384615384615383,52.846153846153847,31.076923076923077,48.53846153846154,85.307692307692307,125.69230769230769,131.69230769230768,119.30769230769231,76.307692307692307,35.153846153846153,8.0,0.53846153846153844,0.0,0.0,0.0,0.0,0.0,0.0,0.0,0.0,0.0
0.9,data_20141022_143845_26107_compute-0-38.local.h5,2.9230769230769229,3.6923076923076925,4.2307692307692308,8.4615384615384617,10.923076923076923,18.615384615384617,28.923076923076923,31.384615384615383,31.076923076923077,25.384615384615383,21.53846153846154,17.384615384615383,12.384615384615385,7.7692307692307692,3.0769230769230771,1.8461538461538463,1.7692307692307692,2.1538461538461537,2.8461538461538463,4.1538461538461542,57.307692307692307,45.53846153846154,76.384615384615387,141.30769230769232,153.46153846153845,134.69230769230768,120.84615384615384,99.538461538461533,62.0,21.153846153846153,4.8461538461538458,0.92307692307692313,0.0,0.0,0.0,0.0,0.15384615384615385,0.15384615384615385,0.076923076923076927,0.0
1.0,data_20140523_024613_18685.h5,0.7857142857142857,0.42857142857142855,0.8571428571428571,1.0714285714285714,1.0,1.6428571428571428,3.0714285714285716,4.2857142857142856,5.4285714285714288,6.5,7.5714285714285712,9.4285714285714288,10.642857142857142,11.928571428571429,10.071428571428571,6.9285714285714288,2.0714285714285716,1.3571428571428572,2.0714285714285716,2.8571428571428572,48.928571428571431,27.857142857142858,23.142857142857142,27.571428571428573,48.142857142857146,72.071428571428569,82.928571428571431,66.571428571428569,40.571428571428569,17.571428571428573,4.2857142857142856,0.5,0.14285714285714285,0.14285714285714285,0.21428571428571427,0.14285714285714285,0.14285714285714285,0.21428571428571427,0.2857142857142857,0.2857142857142857
1.0,data_20140731_154822_82089_compute-0-2.local.h5,11.0,7.0666666666666664,3.7999999999999998,4.333333333333333,5.7333333333333334,7.5999999999999996,12.866666666666667,14.800000000000001,22.600000000000001,28.399999999999999,39.666666666666664,43.266666666666666,35.666666666666664,26.933333333333334,17.066666666666666,5.4000000000000004,1.0,0.73333333333333328,1.0,0.53333333333333333,48.133333333333333,21.333333333333332,20.733333333333334,29.600000000000001,71.533333333333331,95.200000000000003,88.666666666666671,71.400000000000006,43.866666666666667,18.333333333333332,2.2000000000000002,0.20000000000000001,0.066666666666666666,0.0,0.0,0.0,0.0,0.0,0.066666666666666666,0.0
1.0,data_20140520_123248_17595.h5,10.666666666666666,16.399999999999999,15.666666666666666,15.133333333333333,11.933333333333334,9.0,7.7999999999999998,6.9333333333333336,7.5999999999999996,9.8666666666666671,17.333333333333332,16.800000000000001,16.733333333333334,17.133333333333333,12.4,12.866666666666667,16.733333333333334,26.933333333333334,31.933333333333334,28.466666666666665,57.266666666666666,25.733333333333334,29.0,49.600000000000001,83.266666666666666,113.2,112.86666666666666,85.733333333333334,60.866666666666667,30.399999999999999,8.3333333333333339,1.8666666666666667,0.20000000000000001,0.066666666666666666,0.0,0.066666666666666666,0.066666666666666666,0.0,0.0,0.0
1.0,data_20141103_123635_205729_compute-0-42.local.h5,13.333333333333334,13.583333333333334,9.0833333333333339,4.833333333333333,1.3333333333333333,1.3333333333333333,1.25,1.5833333333333333,1.5,1.6666666666666667,1.8333333333333333,1.5,1.25,0.91666666666666663,0.5,0.33333333333333331,0.75,0.41666666666666669,0.66666666666666663,1.25,57.166666666666664,34.833333333333336,38.25,62.083333333333336,105.75,109.83333333333333,74.583333333333329,46.25,14.666666666666666,0.91666666666666663,0.0,0.0,0.0,0.0,0.0,0.5,0.41666666666666669,0.25,0.25,0.0
1.0,data_20140731_154822_89440_compute-0-3.local.h5,22.416666666666668,16.166666666666668,12.583333333333334,13.416666666666666,17.916666666666668,14.75,10.25,6.083333333333333,0.75,0.083333333333333329,0.33333333333333331,0.58333333333333337,0.58333333333333337,1.5833333333333333,2.3333333333333335,5.75,12.0,15.0,12.5,14.25,59.5,26.916666666666668,27.833333333333332,34.0,56.833333333333336,54.416666666666664,36.666666666666664,29.333333333333332,18.666666666666668,7.833333333333333,2.4166666666666665,0.16666666666666666,0.0,0.0,0.0,0.083333333333333329,0.083333333333333329,0.16666666666666666,0.25,0.16666666666666666
1.0,data_20141103_123638_205718_compute-0-43.local.h5,2.75,3.75,3.375,3.0625,2.375,1.3125,0.9375,0.8125,0.8125,1.5,1.9375,2.0625,3.0625,3.5,4.375,5.625,7.3125,6.125,6.4375,6.125,52.1875,28.8125,29.3125,37.25,58.0625,74.8125,67.75,54.125,32.4375,11.625,2.0,0.0625,0.125,0.25,0.25,0.4375,0.5,0.8125,0.5,0.5625
1.0,data_20140731_154822_82090_compute-0-2.local.h5,16.076923076923077,17.307692307692307,16.692307692307693,17.846153846153847,19.846153846153847,22.692307692307693,22.0,14.692307692307692,9.384615384615385,6.9230769230769234,6.1538461538461542,6.7692307692307692,6.6923076923076925,7.615384615384615,11.0,10.615384615384615,6.5384615384615383,3.4615384615384617,2.4615384615384617,3.2307692307692308,45.846153846153847,19.53846153846154,22.076923076923077,29.46153846153846,66.384615384615387,97.461538461538467,84.15384615384616,76.0,59.46153846153846,26.153846153846153,11.076923076923077,2.8461538461538463,0.46153846153846156,0.23076923076923078,0.23076923076923078,0.38461538461538464,0.38461538461538464,0.23076923076923078,0.38461538461538464,1.1538461538461537
1.0,data_20140523_233014_19087.h5,5.7692307692307692,7.8461538461538458,14.384615384615385,14.384615384615385,8.7692307692307701,7.0,5.615384615384615,8.5384615384615383,7.8461538461538458,8.3076923076923084,7.1538461538461542,7.2307692307692308,6.0,4.615384615384615,4.384615384615385,4.0,5.5384615384615383,6.3076923076923075,9.0,9.0769230769230766,51.53846153846154,22.384615384615383,16.76923076923077,18.76923076923077,38.153846153846153,43.46153846153846,42.153846153846153,40.615384615384613,28.692307692307693,15.153846153846153,6.615384615384615,2.0,0.53846153846153844,0.53846153846153844,0.53846153846153844,0.92307692307692313,0.84615384615384615,0.84615384615384615,1.3846153846153846,1.1538461538461537
1.0,data_20140522_055626_18272.h5,10.923076923076923,12.23076923076923,16.53846153846154,20.153846153846153,19.76923076923077,14.615384615384615,10.461538461538462,6.7692307692307692,4.1538461538461542,5.615384615384615,10.076923076923077,12.461538461538462,13.692307692307692,17.23076923076923,16.846153846153847,16.846153846153847,16.76923076923077,18.0,12.692307692307692,12.615384615384615,50.384615384615387,27.615384615384617,40.384615384615387,81.615384615384613,139.23076923076923,142.23076923076923,117.30769230769231,94.230769230769226,66.461538461538467,31.153846153846153,5.0,0.23076923076923078,0.076923076923076927,0.23076923076923078,0.38461538461538464,0.30769230769230771,0.46153846153846156,0.46153846153846156,0.23076923076923078,0.076923076923076927
1.0,data_20140731_154822_95930_compute-0-4.local.h5,32.583333333333336,31.666666666666668,36.416666666666664,39.833333333333336,36.416666666666664,40.75,34.5,23.916666666666668,13.416666666666666,4.083333333333333,0.5,0.5,0.33333333333333331,0.75,0.66666666666666663,0.33333333333333331,0.33333333333333331,0.5,1.0,2.0,37.5,17.75,25.416666666666668,51.083333333333336,96.916666666666671,88.333333333333329,63.416666666666664,47.666666666666664,28.75,6.333333333333333,0.58333333333333337,0.083333333333333329,0.0,0.0,0.0,0.0,0.0,0.0,0.0,0.16666666666666666
1.0,data_20140731_154822_95924_compute-0-1.local.h5,14.0,9.6666666666666661,4.333333333333333,3.75,5.166666666666667,7.833333333333333,11.0,16.166666666666668,20.583333333333332,18.333333333333332,15.5,15.5,13.0,8.5,10.5,14.583333333333334,15.333333333333334,18.333333333333332,22.583333333333332,18.0,66.666666666666671,34.0,44.583333333333336,85.666666666666671,134.91666666666666,134.0,127.33333333333333,92.0,56.75,23.833333333333332,5.75,1.25,0.16666666666666666,0.16666666666666666,0.0,0.083333333333333329,0.0,0.0,0.083333333333333329,0.16666666666666666
1.0,data_20140521_090848_17993.h5,2.2142857142857144,4.0,6.5714285714285712,9.4285714285714288,10.285714285714286,9.2857142857142865,12.0,13.571428571428571,9.7857142857142865,7.4285714285714288,3.4285714285714284,1.4285714285714286,1.6428571428571428,1.6428571428571428,1.4285714285714286,1.3571428571428572,1.6428571428571428,1.8571428571428572,3.2142857142857144,3.0,60.5,35.0,39.785714285714285,49.642857142857146,79.0,92.0,86.0,58.928571428571431,34.428571428571431,13.428571428571429,3.2142857142857144,0.071428571428571425,0.0,0.0,0.0,0.071428571428571425,0.071428571428571425,0.0,0.071428571428571425,0.071428571428571425
1.0,data_20141103_123641_229100_compute-0-44.local.h5,18.75,14.583333333333334,13.333333333333334,8.0,6.583333333333333,9.0833333333333339,10.666666666666666,14.083333333333334,18.25,25.25,25.916666666666668,18.333333333333332,12.75,11.416666666666666,15.083333333333334,15.333333333333334,9.4166666666666661,7.5,10.416666666666666,10.833333333333334,53.583333333333336,23.083333333333332,24.833333333333332,36.833333333333336,68.916666666666671,91.583333333333329,85.0,57.416666666666664,30.416666666666668,9.5,1.0833333333333333,0.25,0.16666666666666666,0.16666666666666666,0.25,0.5,0.41666666666666669,0.25,0.25,0.083333333333333329
1.0,data_20141103_123629_214816_compute-0-40.local.h5,3.3846153846153846,5.0,8.9230769230769234,9.8461538461538467,11.153846153846153,12.846153846153847,14.384615384615385,15.692307692307692,13.307692307692308,12.23076923076923,12.23076923076923,11.076923076923077,7.7692307692307692,6.0,5.0,3.4615384615384617,2.6153846153846154,2.6153846153846154,1.8461538461538463,3.4615384615384617,54.384615384615387,26.46153846153846,33.230769230769234,50.384615384615387,99.15384615384616,125.92307692307692,117.30769230769231,94.307692307692307,51.769230769230766,16.384615384615383,3.1538461538461537,0.23076923076923078,0.0,0.0,0.076923076923076927,0.076923076923076927,0.15384615384615385,0.15384615384615385,0.15384615384615385,0.076923076923076927
1.0,data_20141103_123632_202657_compute-0-41.local.h5,2.3125,3.5,5.1875,9.6875,8.75,6.6875,5.3125,3.9375,4.75,6.0,9.0,8.5625,9.6875,8.4375,4.6875,1.875,0.625,0.5,0.875,1.0625,52.8125,30.875,31.1875,43.125,81.625,116.5,113.1875,83.3125,46.3125,12.75,0.9375,0.0,0.0625,0.125,0.0625,0.0,0.125,0.1875,0.3125,0.25
1.1,data_20141103_123556_211160_compute-0-34.local.h5,21.333333333333332,27.199999999999999,33.266666666666666,36.600000000000001,34.333333333333336,26.466666666666665,19.733333333333334,10.266666666666667,7.5999999999999996,8.9333333333333336,7.1333333333333337,6.7333333333333334,8.0,10.466666666666667,13.933333333333334,15.333333333333334,12.800000000000001,8.4666666666666668,7.666666666666667,6.2666666666666666,52.133333333333333,22.666666666666668,18.866666666666667,22.733333333333334,46.93333333333333,46.600000000000001,34.799999999999997,26.866666666666667,16.800000000000001,5.9333333333333336,0.53333333333333333,0.0,0.0,0.0,0.20000000000000001,0.33333333333333331,0.26666666666666666,0.13333333333333333,0.13333333333333333,0.13333333333333333
1.1,data_20141022_201357_134170_compute-0-17.local.h5,18.076923076923077,21.153846153846153,17.46153846153846,21.153846153846153,31.384615384615383,36.846153846153847,33.692307692307693,27.692307692307693,30.692307692307693,29.307692307692307,25.307692307692307,29.923076923076923,37.53846153846154,40.46153846153846,31.46153846153846,26.46153846153846,19.846153846153847,12.23076923076923,11.76923076923077,17.46153846153846,54.230769230769234,20.692307692307693,21.923076923076923,32.692307692307693,59.92307692307692,63.07692307692308,53.07692307692308,37.307692307692307,24.692307692307693,10.384615384615385,3.0,0.38461538461538464,0.0,0.0,0.0,0.0,0.076923076923076927,0.076923076923076927,0.23076923076923078,0.15384615384615385
1.1,data_20141022_143830_15717_compute-0-20.local.h5,0.69230769230769229,0.84615384615384615,1.3076923076923077,1.3076923076923077,1.2307692307692308,1.7692307692307692,2.6153846153846154,3.0769230769230771,3.6923076923076925,3.1538461538461537,4.0,5.9230769230769234,6.615384615384615,9.1538461538461533,8.1538461538461533,10.923076923076923,14.692307692307692,17.615384615384617,18.76923076923077,16.76923076923077,60.692307692307693,26.53846153846154,21.846153846153847,27.307692307692307,43.92307692307692,47.53846153846154,51.53846153846154,38.46153846153846,18.692307692307693,5.384615384615385,0.46153846153846156,0.076923076923076927,0.15384615384615385,0.23076923076923078,0.23076923076923078,0.30769230769230771,0.38461538461538464,0.30769230769230771,0.23076923076923078,0.46153846153846156
1.1,data_20141022_201021_133921_compute-0-17.local.h5,1.0833333333333333,0.75,0.58333333333333337,0.58333333333333337,0.41666666666666669,0.25,0.16666666666666666,0.66666666666666663,1.25,1.25,1.75,2.5833333333333335,5.083333333333333,9.5833333333333339,16.5,21.916666666666668,28.0,27.666666666666668,34.666666666666664,39.916666666666664,68.333333333333329,17.666666666666668,12.666666666666666,16.416666666666668,31.5,56.25,47.833333333333336,45.666666666666664,28.333333333333332,14.916666666666666,4.666666666666667,1.0833333333333333,0.083333333333333329,0.16666666666666666,0.16666666666666666,0.16666666666666666,0.25,0.25,0.58333333333333337,0.58333333333333337
1.1,data_20141022_144206_16082_compute-0-20.local.h5,12.214285714285714,9.7857142857142865,6.7857142857142856,2.8571428571428572,1.1428571428571428,1.3571428571428572,1.8571428571428572,2.7142857142857144,4.6428571428571432,8.8571428571428577,13.285714285714286,12.785714285714286,12.857142857142858,17.214285714285715,23.5,21.785714285714285,17.142857142857142,11.714285714285714,5.8571428571428568,5.7857142857142856,39.714285714285715,12.5,11.5,13.714285714285714,24.785714285714285,47.857142857142854,77.285714285714292,60.071428571428569,36.571428571428569,12.857142857142858,3.9285714285714284,0.42857142857142855,0.0,0.071428571428571425,0.14285714285714285,0.071428571428571425,0.21428571428571427,0.21428571428571427,0.071428571428571425,0.2857142857142857
1.1,data_20141022_144157_19941_compute-0-15.local.h5,11.076923076923077,10.153846153846153,10.692307692307692,11.76923076923077,15.23076923076923,15.307692307692308,20.615384615384617,20.53846153846154,21.615384615384617,14.615384615384615,10.538461538461538,7.6923076923076925,3.6923076923076925,3.1538461538461537,3.2307692307692308,3.0769230769230771,3.9230769230769229,5.615384615384615,8.5384615384615383,12.076923076923077,49.615384615384613,19.23076923076923,18.76923076923077,22.76923076923077,47.07692307692308,84.07692307692308,58.53846153846154,44.615384615384613,29.846153846153847,10.384615384615385,4.384615384615385,1.8461538461538463,0.92307692307692313,1.2307692307692308,1.2307692307692308,1.3846153846153846,1.3846153846153846,1.4615384615384615,2.0,1.9230769230769231
1.1,data_20141022_143827_24687_compute-0-18.local.h5,1.1333333333333333,1.0,1.0666666666666667,1.2,2.0666666666666669,2.6666666666666665,4.8666666666666663,6.4666666666666668,7.4000000000000004,8.6666666666666661,10.0,9.5333333333333332,9.1999999999999993,10.866666666666667,14.133333333333333,14.666666666666666,13.0,10.199999999999999,6.2666666666666666,2.5333333333333332,45.333333333333336,22.066666666666666,23.866666666666667,36.466666666666669,83.733333333333334,112.66666666666667,119.93333333333334,108.06666666666666,85.066666666666663,59.93333333333333,30.199999999999999,18.133333333333333,11.866666666666667,6.9333333333333336,1.8,0.0,0.066666666666666666,0.0,0.13333333333333333,0.13333333333333333
1.1,data_20141103_123553_158150_compute-0-33.local.h5,15.545454545454545,14.636363636363637,14.363636363636363,13.909090909090908,13.181818181818182,9.8181818181818183,9.0909090909090917,9.545454545454545,11.0,15.0,18.727272727272727,12.909090909090908,8.3636363636363633,7.0,2.5454545454545454,1.8181818181818181,1.4545454545454546,0.90909090909090906,0.36363636363636365,0.090909090909090912,41.454545454545453,11.0,7.5454545454545459,7.0,7.2727272727272725,13.363636363636363,36.0,30.818181818181817,15.545454545454545,9.545454545454545,2.3636363636363638,0.0,0.0,0.0,0.0,0.0,0.090909090909090912,0.18181818181818182,0.18181818181818182,0.18181818181818182
1.1,data_20141103_123550_2744_compute-0-32.local.h5,4.1538461538461542,6.3076923076923075,8.5384615384615383,8.9230769230769234,6.7692307692307692,4.7692307692307692,4.615384615384615,3.3076923076923075,2.9230769230769229,1.1538461538461537,0.61538461538461542,0.30769230769230771,0.53846153846153844,0.61538461538461542,0.76923076923076927,0.38461538461538464,1.0769230769230769,1.0769230769230769,1.2307692307692308,2.2307692307692308,52.07692307692308,23.923076923076923,34.153846153846153,51.153846153846153,91.384615384615387,101.84615384615384,92.615384615384613,66.0,29.923076923076923,9.4615384615384617,0.46153846153846156,0.0,0.0,0.0,0.0,0.076923076923076927,0.076923076923076927,0.0,0.15384615384615385,0.15384615384615385
1.1,data_20141022_143833_85789_compute-0-28.local.h5,1.7692307692307692,2.0,2.4615384615384617,2.3846153846153846,1.3076923076923077,1.2307692307692308,1.0769230769230769,1.2307692307692308,1.1538461538461537,0.92307692307692313,1.0769230769230769,1.1538461538461537,1.5384615384615385,2.0,1.9230769230769231,1.9230769230769231,2.4615384615384617,3.9230769230769229,3.4615384615384617,4.0,61.230769230769234,30.076923076923077,37.615384615384613,55.769230769230766,107.92307692307692,138.53846153846155,104.84615384615384,67.15384615384616,34.07692307692308,7.3076923076923075,0.53846153846153844,0.0,0.0,0.076923076923076927,0.076923076923076927,0.076923076923076927,0.0,0.15384615384615385,0.076923076923076927,0.076923076923076927
1.1,data_20141103_123544_36955_compute-0-30.local.h5,9.2142857142857135,7.0714285714285712,5.4285714285714288,5.2857142857142856,6.2857142857142856,8.1428571428571423,7.6428571428571432,7.2142857142857144,8.0714285714285712,8.2142857142857135,5.0714285714285712,2.9285714285714284,1.8571428571428572,1.5714285714285714,3.2142857142857144,4.6428571428571432,6.7857142857142856,7.2857142857142856,7.2142857142857144,8.5,55.0,22.285714285714285,21.928571428571427,34.142857142857146,64.857142857142861,86.071428571428569,76.0,53.642857142857146,20.857142857142858,5.4285714285714288,0.7142857142857143,0.0,0.0,0.0,0.0,0.071428571428571425,0.42857142857142855,0.6428571428571429,0.42857142857142855,0.35714285714285715
1.1,data_20141022_144203_25055_compute-0-18.local.h5,1.2,1.0,0.93333333333333335,1.7333333333333334,2.3999999999999999,2.2000000000000002,2.0,1.2,1.0666666666666667,1.3333333333333333,1.6666666666666667,1.3333333333333333,2.0,4.1333333333333337,9.0666666666666664,14.133333333333333,12.800000000000001,16.600000000000001,20.199999999999999,23.133333333333333,65.533333333333331,26.666666666666668,33.600000000000001,66.86666666666666,116.06666666666666,111.26666666666667,107.73333333333333,81.466666666666669,47.533333333333331,17.600000000000001,2.2000000000000002,2.6666666666666665,0.93333333333333335,0.46666666666666667,0.59999999999999998,0.066666666666666666,0.066666666666666666,0.0,0.0,0.20000000000000001
1.1,data_20141022_144209_86165_compute-0-28.local.h5,1.0,0.33333333333333331,0.53333333333333333,0.46666666666666667,0.53333333333333333,0.93333333333333335,1.1333333333333333,1.8666666666666667,3.8666666666666667,9.2666666666666675,8.9333333333333336,6.2000000000000002,6.7333333333333334,6.666666666666667,8.1999999999999993,9.0666666666666664,10.266666666666667,8.4666666666666668,6.0666666666666664,6.1333333333333337,51.866666666666667,22.266666666666666,20.800000000000001,27.466666666666665,63.799999999999997,81.599999999999994,56.0,36.0,17.333333333333332,4.8666666666666663,0.20000000000000001,0.0,0.0,0.0,0.0,0.0,0.0,0.066666666666666666,0.0,0.13333333333333333
1.1,data_20141103_123547_193866_compute-0-31.local.h5,11.23076923076923,8.9230769230769234,6.8461538461538458,5.9230769230769234,4.0,5.0769230769230766,5.7692307692307692,5.9230769230769234,5.4615384615384617,7.6923076923076925,9.1538461538461533,9.4615384615384617,10.384615384615385,8.8461538461538467,12.384615384615385,11.076923076923077,9.384615384615385,9.384615384615385,8.615384615384615,7.8461538461538458,53.307692307692307,22.46153846153846,20.076923076923077,17.307692307692307,25.46153846153846,43.07692307692308,55.230769230769234,41.307692307692307,25.307692307692307,10.538461538461538,3.0,0.0,0.0,0.0,0.0,0.076923076923076927,0.30769230769230771,0.46153846153846156,0.38461538461538464,0.30769230769230771
1.1,data_20141022_143821_19542_compute-0-15.local.h5,1.4285714285714286,1.0714285714285714,0.7857142857142857,1.2142857142857142,1.3571428571428572,1.7857142857142858,1.7142857142857142,1.2857142857142858,1.1428571428571428,1.2142857142857142,1.4285714285714286,3.1428571428571428,6.9285714285714288,10.714285714285714,11.214285714285714,8.1428571428571423,6.7142857142857144,6.3571428571428568,6.2142857142857144,4.3571428571428568,44.357142857142854,13.357142857142858,10.571428571428571,10.785714285714286,20.357142857142858,53.928571428571431,44.571428571428569,34.214285714285715,30.142857142857142,29.428571428571427,15.928571428571429,2.3571428571428572,0.071428571428571425,0.2857142857142857,0.35714285714285715,0.2857142857142857,0.2857142857142857,0.5714285714285714,0.8571428571428571,1.1428571428571428
1.2,data_20141026_001845_146660_compute-0-0.local.h5,9.0,7.8666666666666663,8.5999999999999996,11.466666666666667,12.666666666666666,14.133333333333333,16.666666666666668,17.333333333333332,16.199999999999999,12.266666666666667,7.0666666666666664,3.0,2.0,2.9333333333333331,4.2000000000000002,9.8000000000000007,14.733333333333333,14.266666666666667,15.266666666666667,16.399999999999999,57.866666666666667,22.466666666666665,15.0,12.4,14.066666666666666,25.266666666666666,24.866666666666667,13.6,7.8666666666666663,1.3333333333333333,0.0,0.066666666666666666,0.0,0.0,0.0,0.13333333333333333,0.13333333333333333,0.46666666666666667,0.80000000000000004,0.59999999999999998
1.2,data_20141026_001856_153295_compute-0-9.local.h5,5.0714285714285712,4.7142857142857144,5.2142857142857144,5.7142857142857144,4.5,4.5714285714285712,5.0714285714285712,5.2857142857142856,5.4285714285714288,3.5714285714285716,3.0714285714285716,3.2142857142857144,3.5,4.5714285714285712,5.7857142857142856,6.2142857142857144,5.9285714285714288,7.2857142857142856,8.7142857142857135,9.2857142857142865,55.214285714285715,21.357142857142858,18.571428571428573,20.214285714285715,34.642857142857146,74.214285714285708,99.428571428571431,72.357142857142861,45.428571428571431,18.785714285714285,5.9285714285714288,1.2142857142857142,0.9285714285714286,0.5714285714285714,0.8571428571428571,0.8571428571428571,1.1428571428571428,0.7142857142857143,0.7857142857142857,0.7142857142857143
1.2,data_20141022_144142_57805_compute-0-0.local.h5,3.8571428571428572,4.8571428571428568,3.0714285714285716,2.0,2.0714285714285716,3.5714285714285716,5.0,8.1428571428571423,8.7142857142857135,7.5714285714285712,7.3571428571428568,4.2857142857142856,2.5,3.2142857142857144,4.2857142857142856,3.2142857142857144,2.2142857142857144,2.3571428571428572,6.0,3.7857142857142856,45.714285714285715,13.357142857142858,9.7857142857142865,11.571428571428571,16.928571428571427,24.5,43.142857142857146,51.785714285714285,30.571428571428573,18.357142857142858,6.2857142857142856,0.5714285714285714,0.0,0.0,0.071428571428571425,0.21428571428571427,0.21428571428571427,0.2857142857142857,0.2857142857142857,0.5
1.2,data_20141022_143818_63238_compute-0-9.local.h5,2.3333333333333335,6.5,8.4166666666666661,7.916666666666667,7.833333333333333,8.25,13.083333333333334,14.083333333333334,10.416666666666666,8.6666666666666661,5.416666666666667,1.6666666666666667,1.8333333333333333,1.75,1.9166666666666667,3.0,3.0833333333333335,3.0,4.0,7.583333333333333,58.0,16.333333333333332,14.5,13.666666666666666,25.916666666666668,56.75,57.583333333333336,43.166666666666664,30.833333333333332,12.5,3.1666666666666665,0.083333333333333329,0.0,0.0,0.083333333333333329,0.0,0.0,0.083333333333333329,0.16666666666666666,0.0
1.2,data_20141022_144148_64491_compute-0-6.local.h5,2.1818181818181817,0.63636363636363635,1.1818181818181819,1.6363636363636365,2.4545454545454546,3.0,3.7272727272727271,3.0909090909090908,3.2727272727272729,5.0,6.0909090909090908,7.3636363636363633,6.0,6.8181818181818183,8.0,7.9090909090909092,8.1818181818181817,8.8181818181818183,6.2727272727272725,4.0,55.0,17.09090909090909,10.454545454545455,9.2727272727272734,7.0,9.8181818181818183,18.454545454545453,20.636363636363637,13.454545454545455,8.3636363636363633,4.0909090909090908,0.45454545454545453,0.0,0.36363636363636365,0.63636363636363635,0.27272727272727271,0.18181818181818182,0.18181818181818182,0.18181818181818182,0.0
1.2,data_20141022_143812_64092_compute-0-6.local.h5,14.153846153846153,12.923076923076923,10.923076923076923,7.9230769230769234,2.2307692307692308,1.1538461538461537,1.2307692307692308,1.3846153846153846,1.7692307692307692,2.4615384615384617,3.1538461538461537,4.1538461538461542,3.4615384615384617,3.9230769230769229,4.1538461538461542,2.3846153846153846,2.9230769230769229,4.0769230769230766,6.7692307692307692,11.23076923076923,59.153846153846153,20.923076923076923,16.46153846153846,15.923076923076923,17.846153846153847,25.846153846153847,33.92307692307692,37.307692307692307,28.53846153846154,15.0,6.0,2.2307692307692308,0.15384615384615385,0.076923076923076927,0.38461538461538464,0.61538461538461542,0.53846153846153844,0.23076923076923078,0.23076923076923078,0.38461538461538464
1.2,data_20141026_001847_131962_compute-0-4.local.h5,18.153846153846153,20.615384615384617,19.153846153846153,18.46153846153846,17.076923076923077,19.384615384615383,14.461538461538462,8.4615384615384617,3.7692307692307692,1.7692307692307692,1.3076923076923077,1.2307692307692308,1.1538461538461537,1.3846153846153846,1.7692307692307692,2.3076923076923075,4.0769230769230766,7.0769230769230766,13.076923076923077,19.0,60.384615384615387,24.076923076923077,22.615384615384617,25.46153846153846,57.307692307692307,96.15384615384616,97.15384615384616,77.84615384615384,54.153846153846153,33.769230769230766,12.0,0.92307692307692313,0.076923076923076927,0.076923076923076927,0.23076923076923078,0.69230769230769229,0.69230769230769229,0.92307692307692313,0.76923076923076927,0.84615384615384615
1.2,data_20141026_001850_156496_compute-0-6.local.h5,4.0,3.0666666666666669,2.5333333333333332,2.3999999999999999,2.8666666666666667,3.3333333333333335,3.0,3.6000000000000001,3.3333333333333335,3.3999999999999999,3.3999999999999999,4.2666666666666666,7.0,10.533333333333333,10.333333333333334,9.0,8.8000000000000007,9.2666666666666675,9.8666666666666671,9.5999999999999996,53.466666666666669,19.533333333333335,13.866666666666667,13.333333333333334,15.866666666666667,18.133333333333333,17.333333333333332,16.066666666666666,11.6,8.2666666666666675,6.1333333333333337,5.5333333333333332,4.7999999999999998,3.9333333333333331,1.6000000000000001,0.93333333333333335,0.73333333333333328,0.53333333333333333,0.59999999999999998,0.8666666666666667
1.2,data_20141026_001853_163926_compute-0-8.local.h5,3.0769230769230771,5.384615384615385,6.9230769230769234,8.1538461538461533,5.6923076923076925,3.8461538461538463,2.0769230769230771,1.0,0.84615384615384615,1.2307692307692308,1.3846153846153846,1.6153846153846154,2.9230769230769229,3.7692307692307692,5.0769230769230766,7.9230769230769234,11.153846153846153,17.692307692307693,13.615384615384615,13.923076923076923,55.0,24.0,23.76923076923077,32.0,79.15384615384616,122.23076923076923,96.615384615384613,78.769230769230774,58.846153846153847,24.53846153846154,5.615384615384615,1.2307692307692308,0.0,0.23076923076923078,0.23076923076923078,0.0,0.0,0.0,0.0,0.23076923076923078
1.2,data_20141026_001859_109751_compute-0-15.local.h5,2.6923076923076925,4.5384615384615383,9.0769230769230766,13.615384615384615,15.076923076923077,15.846153846153847,14.692307692307692,14.692307692307692,14.615384615384615,9.1538461538461533,4.0769230769230766,2.0769230769230771,2.6923076923076925,3.8461538461538463,5.1538461538461542,4.3076923076923075,2.4615384615384617,1.7692307692307692,1.7692307692307692,1.7692307692307692,40.92307692307692,10.461538461538462,9.6923076923076916,11.0,18.692307692307693,33.53846153846154,49.615384615384613,59.846153846153847,46.384615384615387,19.692307692307693,7.1538461538461542,1.6923076923076923,0.23076923076923078,0.46153846153846156,0.0,0.076923076923076927,0.076923076923076927,0.23076923076923078,0.23076923076923078,0.23076923076923078
1.2,data_20141022_143815_72754_compute-0-8.local.h5,1.7692307692307692,1.6923076923076923,2.3076923076923075,2.6153846153846154,4.8461538461538458,5.6923076923076925,3.4615384615384617,3.1538461538461537,2.4615384615384617,1.6153846153846154,0.76923076923076927,1.2307692307692308,1.0,1.7692307692307692,2.2307692307692308,3.2307692307692308,4.615384615384615,8.1538461538461533,11.615384615384615,15.692307692307692,62.846153846153847,20.384615384615383,17.53846153846154,24.0,56.846153846153847,61.384615384615387,54.692307692307693,38.07692307692308,22.846153846153847,9.4615384615384617,1.3076923076923077,0.076923076923076927,0.076923076923076927,0.0,0.0,0.0,0.0,0.076923076923076927,0.30769230769230771,0.30769230769230771
1.2,data_20141022_143809_41879_compute-0-4.local.h5,16.166666666666668,19.666666666666668,20.75,15.25,9.6666666666666661,4.0,1.5,0.41666666666666669,0.58333333333333337,0.75,1.4166666666666667,1.75,1.6666666666666667,2.75,3.4166666666666665,3.8333333333333335,3.9166666666666665,3.0,1.8333333333333333,2.3333333333333335,46.5,18.416666666666668,15.666666666666666,18.5,36.833333333333336,45.083333333333336,36.416666666666664,36.083333333333336,38.833333333333336,26.5,11.083333333333334,3.1666666666666665,0.33333333333333331,0.083333333333333329,0.0,0.0,0.083333333333333329,0.083333333333333329,0.083333333333333329,0.25
1.2,data_20141022_143806_57438_compute-0-0.local.h5,1.5384615384615385,2.2307692307692308,2.6153846153846154,2.9230769230769229,2.3076923076923075,1.8461538461538463,1.1538461538461537,1.0769230769230769,1.3076923076923077,1.0,0.53846153846153844,0.61538461538461542,0.61538461538461542,0.30769230769230771,0.38461538461538464,1.1538461538461537,1.0769230769230769,1.0,0.53846153846153844,0.61538461538461542,49.384615384615387,10.846153846153847,7.2307692307692308,3.6923076923076925,2.2307692307692308,1.7692307692307692,1.7692307692307692,1.2307692307692308,1.0769230769230769,0.84615384615384615,0.38461538461538464,0.30769230769230771,0.076923076923076927,0.076923076923076927,0.0,0.0,0.0,0.076923076923076927,0.0,0.0
1.2,data_20141022_144151_73121_compute-0-8.local.h5,2.8333333333333335,2.6666666666666665,2.25,1.5833333333333333,2.4166666666666665,2.4166666666666665,2.9166666666666665,2.6666666666666665,3.5,3.5833333333333335,3.25,3.25,3.0,3.1666666666666665,3.0,2.0,2.1666666666666665,2.0833333333333335,2.8333333333333335,3.25,56.583333333333336,21.916666666666668,20.833333333333332,17.25,19.0,36.916666666666664,68.166666666666671,53.75,38.833333333333336,22.666666666666668,8.5833333333333339,2.3333333333333335,0.41666666666666669,0.41666666666666669,0.33333333333333331,0.5,0.33333333333333331,0.5,0.5,0.41666666666666669
1.2,data_20141022_144145_42245_compute-0-4.local.h5,7.0769230769230766,7.384615384615385,5.7692307692307692,6.7692307692307692,7.4615384615384617,8.2307692307692299,5.3076923076923075,3.3846153846153846,3.1538461538461537,5.6923076923076925,6.0769230769230766,3.5384615384615383,3.7692307692307692,3.5384615384615383,3.5384615384615383,3.9230769230769229,4.3076923076923075,4.384615384615385,3.7692307692307692,3.6153846153846154,49.92307692307692,16.0,11.0,9.9230769230769234,11.692307692307692,17.846153846153847,20.307692307692307,17.153846153846153,14.307692307692308,8.0,2.2307692307692308,0.30769230769230771,0.0,0.0,0.0,0.076923076923076927,0.0,0.15384615384615385,0.076923076923076927,0.23076923076923078
1.2,data_20141022_144154_63604_compute-0-9.local.h5,2.6000000000000001,1.4666666666666666,2.1333333333333333,2.3999999999999999,3.4666666666666668,4.5333333333333332,4.1333333333333337,6.5999999999999996,11.6,15.466666666666667,11.6,12.933333333333334,17.133333333333333,16.266666666666666,12.6,11.666666666666666,17.333333333333332,19.399999999999999,17.800000000000001,14.6,57.200000000000003,21.666666666666668,22.0,28.600000000000001,60.266666666666666,61.399999999999999,39.733333333333334,27.533333333333335,17.333333333333332,6.5999999999999996,0.66666666666666663,0.0,0.0,0.0,0.0,0.0,0.0,0.0,0.26666666666666666,0.26666666666666666
