dbcount,filename,-95,-90,-85,-80,-75,-70,-65,-60,-55,-50,-45,-40,-35,-30,-25,-20,-15,-10,-5,0,5,10,15,20,25,30,35,40,45,50,55,60,65,70,75,80,85,90,95,100
70,data_20140725_170241_46170_compute-0-2.local.h5,4.9305555555555562,4.8611111111111107,4.7222222222222223,7.7083333333333339,10.902777777777779,12.708333333333334,7.9861111111111116,5.0694444444444446,2.2222222222222223,0.55555555555555558,0.55555555555555558,0.76388888888888884,0.69444444444444453,0.41666666666666669,0.83333333333333337,0.48611111111111116,0.90277777777777779,0.69444444444444453,0.83333333333333337,0.48611111111111116,47.986111111111114,17.777777777777779,18.888888888888889,28.333333333333336,50.486111111111114,78.611111111111114,76.3888888888889,46.527777777777779,23.263888888888889,7.291666666666667,1.4583333333333335,0.1388888888888889,0.0,0.0,0.0,0.069444444444444448,0.1388888888888889,0.20833333333333334,0.27777777777777779,0.27777777777777779
70,data_20140725_170241_53507_compute-0-3.local.h5,1.4102564102564104,1.153846153846154,1.2820512820512822,1.9230769230769229,1.4102564102564104,1.0256410256410258,0.76923076923076927,0.57692307692307698,0.38461538461538464,0.70512820512820518,1.153846153846154,1.7948717948717949,3.3974358974358974,4.166666666666667,4.166666666666667,4.551282051282052,4.4871794871794881,4.9358974358974361,6.8589743589743586,7.8205128205128212,54.935897435897438,19.487179487179485,15.256410256410255,12.756410256410257,17.820512820512821,23.07692307692308,21.153846153846153,10.961538461538462,3.525641025641026,0.44871794871794873,0.064102564102564111,0.064102564102564111,0.064102564102564111,0.0,0.0,0.0,0.0,0.064102564102564111,0.64102564102564108,1.2179487179487178
70,data_20140725_170241_59649_compute-0-1.local.h5,23.257575757575758,28.484848484848484,33.712121212121211,33.030303030303031,29.696969696969695,24.166666666666668,18.484848484848488,11.136363636363637,8.9393939393939394,9.7727272727272734,12.196969696969697,12.575757575757576,15.075757575757576,17.5,20.378787878787879,22.803030303030305,17.424242424242426,8.1060606060606055,1.2878787878787878,0.30303030303030304,33.484848484848484,15.75757575757576,18.712121212121211,35.075757575757578,56.363636363636367,64.545454545454547,54.924242424242422,38.333333333333336,18.484848484848488,5.2272727272727275,0.60606060606060608,0.07575757575757576,0.07575757575757576,0.0,0.0,0.0,0.0,0.22727272727272727,0.37878787878787878,0.15151515151515152
70,data_20140725_170241_60010_compute-0-4.local.h5,28.277777777777775,26.388888888888889,30.833333333333336,21.722222222222221,16.944444444444443,11.0,5.2222222222222223,1.0555555555555556,0.3888888888888889,0.3888888888888889,0.44444444444444448,0.22222222222222224,0.61111111111111105,0.11111111111111112,0.61111111111111105,0.61111111111111105,0.44444444444444448,0.66666666666666674,0.94444444444444442,1.6111111111111112,36.333333333333336,13.388888888888889,18.166666666666668,29.388888888888889,59.222222222222221,79.722222222222229,79.222222222222229,67.000000000000014,46.94444444444445,25.388888888888889,6.9444444444444455,0.11111111111111112,0.0,0.0,0.0,0.055555555555555559,0.0,0.0,0.055555555555555559,0.055555555555555559
70,data_20140725_170241_77328_compute-0-0.local.h5,1.3888888888888891,1.3888888888888891,1.9444444444444446,1.25,1.6666666666666667,2.1527777777777781,2.4305555555555554,2.5,3.0555555555555554,3.125,4.4444444444444446,5.9027777777777777,7.5694444444444455,9.1666666666666679,13.472222222222223,12.152777777777779,13.194444444444445,14.583333333333334,14.444444444444445,18.125,50.0,18.055555555555557,14.375,18.055555555555557,38.680555555555557,82.291666666666671,91.666666666666671,70.972222222222229,44.236111111111114,20.902777777777779,5.0,0.55555555555555558,0.0,0.0,0.0,0.0,0.0,0.0,0.069444444444444448,0.1388888888888889
70,data_20140725_173200_47257_compute-0-2.local.h5,0.41666666666666669,0.29761904761904762,0.17857142857142858,0.53571428571428581,0.65476190476190477,1.1904761904761905,1.3690476190476191,2.5,3.9285714285714288,5.2976190476190474,6.0714285714285712,5.7738095238095246,4.9404761904761907,6.1904761904761907,8.8690476190476186,11.071428571428573,12.142857142857142,9.1071428571428577,7.6785714285714279,6.0119047619047619,43.63095238095238,13.809523809523812,12.083333333333334,11.488095238095239,15.238095238095237,34.226190476190474,54.464285714285722,50.773809523809526,33.63095238095238,17.738095238095237,7.4404761904761907,1.25,0.35714285714285715,0.11904761904761904,0.11904761904761904,0.17857142857142858,0.059523809523809521,0.17857142857142858,0.35714285714285715,0.35714285714285715
70,data_20140725_173200_47258_compute-0-2.local.h5,2.0138888888888888,1.7361111111111114,1.4583333333333335,1.1111111111111112,1.3194444444444444,1.8055555555555556,1.4583333333333335,2.1527777777777781,2.1527777777777781,4.0277777777777777,5.2083333333333339,6.25,6.8055555555555554,7.0833333333333339,7.2222222222222223,5.4861111111111107,5.0,3.75,2.916666666666667,1.6666666666666667,42.986111111111114,12.916666666666668,13.194444444444445,18.055555555555557,41.111111111111114,78.472222222222229,78.541666666666671,41.388888888888886,14.583333333333334,3.125,0.0,0.069444444444444448,0.0,0.0,0.0,0.069444444444444448,0.20833333333333334,0.34722222222222227,0.41666666666666669,1.0416666666666667
70,data_20140725_173200_54594_compute-0-3.local.h5,14.888888888888889,12.555555555555555,12.166666666666666,9.7222222222222214,8.3888888888888893,7.3888888888888893,7.166666666666667,5.5555555555555562,4.4444444444444446,4.3888888888888893,5.6111111111111116,5.7222222222222223,4.9444444444444446,4.6111111111111116,5.5,8.8333333333333339,13.555555555555555,9.8888888888888893,7.8333333333333339,6.2777777777777777,42.444444444444443,19.0,24.611111111111114,39.666666666666671,68.055555555555557,69.444444444444443,50.611111111111114,40.555555555555557,21.611111111111111,5.9444444444444446,0.72222222222222232,0.11111111111111112,0.33333333333333337,0.44444444444444448,0.16666666666666669,0.16666666666666669,0.0,0.0,0.11111111111111112,0.055555555555555559
70,data_20140725_173200_54595_compute-0-3.local.h5,7.8125,5.78125,3.8020833333333335,6.666666666666667,8.0729166666666679,9.21875,12.916666666666668,13.489583333333334,12.395833333333334,11.40625,9.4791666666666679,9.6354166666666679,9.8958333333333339,9.0625,6.666666666666667,3.75,2.3958333333333335,2.8125,3.6458333333333335,4.53125,40.052083333333336,14.739583333333334,15.78125,21.927083333333336,49.0625,76.197916666666671,78.177083333333343,59.791666666666671,31.09375,10.677083333333334,2.604166666666667,0.46875,0.15625,0.0,0.0,0.10416666666666667,0.0,0.0,0.0,0.0
70,data_20140725_173200_60857_compute-0-1.local.h5,2.916666666666667,3.3333333333333335,5.5555555555555562,5.6944444444444446,5.9027777777777777,6.9444444444444455,6.666666666666667,6.5277777777777777,10.208333333333334,8.8888888888888893,7.7777777777777786,7.7083333333333339,9.0277777777777786,7.6388888888888884,4.7222222222222223,1.6666666666666667,1.1111111111111112,0.76388888888888884,0.69444444444444453,0.76388888888888884,43.541666666666671,19.930555555555557,22.847222222222225,41.94444444444445,84.375,114.86111111111113,98.75,62.222222222222229,32.152777777777779,7.916666666666667,0.20833333333333334,0.0,0.0,0.0,0.0,0.20833333333333334,0.1388888888888889,0.1388888888888889,0.20833333333333334,0.1388888888888889
70,data_20140725_173200_60858_compute-0-1.local.h5,4.6153846153846159,3.6538461538461542,3.6538461538461542,5.5769230769230775,9.9358974358974361,11.025641025641026,11.089743589743591,8.9102564102564106,8.9102564102564106,6.7948717948717947,4.0384615384615383,2.6282051282051282,3.0128205128205128,4.4871794871794881,7.7564102564102573,11.025641025641026,14.679487179487181,14.743589743589745,12.564102564102564,13.333333333333334,49.294871794871796,11.923076923076923,8.4615384615384617,10.384615384615385,23.525641025641026,56.987179487179489,67.948717948717942,46.410256410256416,30.0,15.448717948717951,3.3333333333333335,0.25641025641025644,0.0,0.0,0.0,0.0,0.0,0.32051282051282054,0.32051282051282054,0.25641025641025644
70,data_20140725_173200_61096_compute-0-4.local.h5,14.375,14.513888888888891,15.972222222222223,11.875,8.9583333333333339,4.375,4.4444444444444446,6.666666666666667,11.319444444444445,15.902777777777777,14.722222222222223,14.444444444444445,12.708333333333334,8.3333333333333339,4.375,1.3888888888888891,0.90277777777777779,1.3888888888888891,1.875,3.541666666666667,50.902777777777779,22.013888888888889,25.416666666666668,43.402777777777779,71.527777777777771,88.8888888888889,65.208333333333343,49.44444444444445,34.930555555555557,12.777777777777779,1.0416666666666667,0.0,0.0,0.069444444444444448,0.0,0.0,0.0,0.0,0.0,0.069444444444444448
70,data_20140725_173200_61097_compute-0-4.local.h5,8.1666666666666679,6.7222222222222223,4.666666666666667,4.4444444444444446,3.9444444444444446,3.5555555555555558,1.7222222222222225,0.61111111111111105,0.72222222222222232,1.0,0.88888888888888895,1.1666666666666667,1.1111111111111112,1.5,1.7777777777777779,1.4444444444444446,1.8333333333333335,3.2222222222222223,5.5,7.2222222222222223,46.44444444444445,13.888888888888891,10.833333333333334,10.555555555555555,13.333333333333334,25.611111111111114,51.055555555555557,55.388888888888893,40.722222222222221,30.277777777777782,16.444444444444446,5.2222222222222223,1.5,0.11111111111111112,0.0,0.055555555555555559,0.0,0.0,0.16666666666666669,0.055555555555555559
70,data_20140725_173200_78536_compute-0-0.local.h5,1.2179487179487178,1.4743589743589745,1.0256410256410258,1.6666666666666667,1.6666666666666667,1.6666666666666667,1.7307692307692311,2.3717948717948718,2.6923076923076925,2.7564102564102564,2.5,2.8205128205128207,2.4358974358974357,2.1153846153846154,1.858974358974359,1.4743589743589745,2.1794871794871797,1.7307692307692311,1.9871794871794872,1.9871794871794872,55.641025641025649,27.692307692307697,23.910256410256412,19.102564102564102,16.794871794871796,16.987179487179485,13.461538461538462,6.1538461538461542,0.89743589743589747,0.0,0.0,0.0,0.12820512820512822,0.25641025641025644,0.32051282051282054,0.38461538461538464,0.25641025641025644,0.25641025641025644,0.32051282051282054,0.25641025641025644
70,data_20140725_173200_78537_compute-0-0.local.h5,3.7878787878787885,5.454545454545455,4.166666666666667,2.4242424242424243,1.0606060606060606,0.90909090909090906,0.37878787878787878,0.75757575757575757,0.75757575757575757,1.5909090909090911,2.7272727272727275,3.6363636363636362,5.6818181818181825,6.2878787878787881,3.9393939393939399,2.8787878787878789,1.2878787878787878,1.2878787878787878,1.5909090909090911,2.2727272727272725,45.833333333333336,16.515151515151516,12.5,10.0,10.606060606060606,16.136363636363637,22.5,21.893939393939394,15.227272727272728,7.1212121212121211,2.0454545454545454,0.07575757575757576,0.0,0.0,0.0,0.0,0.0,0.0,0.0,0.0
40,data_20140722_224200_172254_compute-0-4.local.h5,9.0384615384615401,13.910256410256412,17.051282051282051,21.666666666666668,23.846153846153847,30.384615384615383,27.051282051282051,23.717948717948719,14.358974358974359,6.2179487179487181,1.7307692307692311,0.57692307692307698,0.57692307692307698,1.2820512820512822,1.9871794871794872,2.8205128205128207,3.8461538461538458,8.8461538461538467,14.679487179487181,14.679487179487181,58.65384615384616,49.358974358974365,75.448717948717942,114.48717948717949,131.47435897435898,127.37179487179488,106.41025641025641,72.371794871794876,35.064102564102569,5.5128205128205128,0.25641025641025644,0.0,0.064102564102564111,0.064102564102564111,0.0,0.064102564102564111,0.064102564102564111,0.0,0.0,0.064102564102564111
40,data_20140722_224333_158822_compute-0-2.local.h5,28.397435897435901,24.294871794871796,19.935897435897438,13.397435897435898,7.4358974358974361,2.1794871794871797,3.3333333333333335,5.8974358974358978,11.474358974358976,17.051282051282051,24.166666666666668,28.525641025641029,28.717948717948719,27.051282051282051,21.282051282051285,13.910256410256412,5.384615384615385,1.0897435897435899,0.51282051282051289,0.32051282051282054,34.551282051282051,36.346153846153847,65.0,95.384615384615387,96.987179487179489,90.833333333333343,81.79487179487181,61.089743589743591,35.705128205128204,9.102564102564104,1.3461538461538463,0.0,0.0,0.0,0.0,0.0,0.0,0.0,0.0,0.0
40,data_20140722_224333_166161_compute-0-3.local.h5,6.7857142857142856,11.845238095238095,20.0,23.86904761904762,25.357142857142858,29.88095238095238,25.535714285714285,21.666666666666668,15.238095238095237,8.3333333333333339,1.6666666666666667,0.29761904761904762,0.29761904761904762,0.23809523809523808,0.53571428571428581,0.47619047619047616,0.77380952380952384,0.53571428571428581,0.59523809523809523,0.83333333333333337,32.797619047619044,23.511904761904763,37.142857142857146,58.928571428571423,69.047619047619051,67.321428571428584,64.702380952380949,63.392857142857146,52.678571428571431,34.940476190476197,23.988095238095237,19.404761904761905,14.761904761904763,7.916666666666667,3.1547619047619047,0.35714285714285715,0.0,0.0,0.0,0.11904761904761904
40,data_20140722_224333_171891_compute-0-1.local.h5,21.722222222222221,21.611111111111111,17.5,15.777777777777779,14.333333333333334,11.888888888888889,7.6666666666666661,3.833333333333333,1.4444444444444446,0.66666666666666674,0.55555555555555558,0.44444444444444448,0.33333333333333337,0.61111111111111105,0.55555555555555558,1.3333333333333335,1.8333333333333335,2.0555555555555558,1.8888888888888888,2.5,41.333333333333336,42.388888888888893,71.5,104.05555555555556,119.3888888888889,107.33333333333334,85.3888888888889,52.388888888888893,17.722222222222221,2.2777777777777781,0.16666666666666669,0.22222222222222224,0.27777777777777779,0.055555555555555559,0.16666666666666669,0.16666666666666669,0.22222222222222224,0.27777777777777779,0.22222222222222224,0.16666666666666669
40,data_20140722_224333_172425_compute-0-4.local.h5,19.236111111111111,20.486111111111111,18.680555555555557,15.486111111111111,11.875,10.347222222222221,13.75,15.555555555555557,16.111111111111111,18.472222222222225,17.5,16.041666666666668,16.458333333333336,15.972222222222223,16.944444444444443,17.083333333333336,12.638888888888889,10.277777777777779,5.9027777777777777,2.2222222222222223,39.027777777777779,26.875,36.111111111111114,49.375,73.472222222222229,77.291666666666671,72.291666666666671,57.5,36.388888888888886,13.541666666666668,3.8194444444444442,0.1388888888888889,0.0,0.0,0.0,0.0,0.0,0.0,0.1388888888888889,0.20833333333333334
40,data_20140722_224333_172426_compute-0-4.local.h5,2.1794871794871797,3.7179487179487181,7.6923076923076916,13.525641025641026,12.564102564102564,11.089743589743591,10.576923076923077,10.192307692307692,7.4358974358974361,4.551282051282052,4.2948717948717956,8.0769230769230766,11.282051282051283,15.192307692307692,15.128205128205128,14.615384615384617,11.410256410256411,9.3589743589743595,5.8333333333333339,6.3461538461538458,52.628205128205131,41.217948717948715,70.384615384615387,108.33333333333334,104.80769230769232,95.833333333333343,73.974358974358978,45.641025641025642,17.884615384615383,7.3717948717948723,5.1282051282051286,3.0128205128205128,0.51282051282051289,0.0,0.0,0.0,0.0,0.0,0.0,0.0
40,data_20140722_224333_189411_compute-0-0.local.h5,20.972222222222225,25.833333333333336,18.958333333333336,17.291666666666668,15.902777777777777,15.347222222222223,13.75,15.0,13.680555555555557,16.041666666666668,18.680555555555557,23.541666666666668,33.333333333333336,30.069444444444446,29.583333333333336,24.861111111111111,18.402777777777779,12.013888888888889,5.625,0.97222222222222232,38.333333333333336,28.194444444444446,44.861111111111114,77.708333333333343,93.611111111111114,92.777777777777771,78.125,55.486111111111107,32.777777777777779,7.9861111111111116,0.1388888888888889,0.0,0.0,0.0,0.0,0.0,0.0,0.069444444444444448,0.0,0.1388888888888889
40,data_20140824_120541_32136_compute-0-34.local.h5,45.763888888888886,36.388888888888886,29.166666666666668,20.0,9.5833333333333339,5.2083333333333339,10.138888888888889,17.083333333333336,23.194444444444443,29.652777777777782,31.944444444444446,31.805555555555554,29.791666666666668,23.958333333333336,17.5,11.319444444444445,7.8472222222222223,3.0555555555555554,5.2777777777777777,17.222222222222225,47.152777777777779,47.777777777777779,84.097222222222229,120.48611111111113,116.52777777777779,102.91666666666667,90.347222222222229,80.208333333333343,54.652777777777779,28.680555555555554,4.5833333333333339,0.0,0.0,0.0,0.0,0.1388888888888889,0.34722222222222227,0.34722222222222227,0.27777777777777779,0.069444444444444448
40,data_20140824_120610_32276_compute-0-34.local.h5,2.7272727272727275,0.68181818181818188,0.90909090909090906,1.9696969696969699,3.8636363636363642,7.575757575757577,12.5,14.621212121212123,15.378787878787879,16.515151515151516,18.712121212121211,22.803030303030305,21.590909090909093,16.969696969696969,15.075757575757576,15.75757575757576,19.242424242424242,21.893939393939394,21.136363636363637,13.560606060606062,45.606060606060609,27.72727272727273,27.803030303030308,24.924242424242426,21.893939393939394,16.060606060606062,11.515151515151516,6.5151515151515156,1.4393939393939394,0.07575757575757576,0.0,0.0,0.0,0.15151515151515152,0.22727272727272727,0.68181818181818188,0.75757575757575757,0.37878787878787878,0.30303030303030304,0.37878787878787878
40,data_20140824_120757_32478_compute-0-34.local.h5,15.902777777777777,13.958333333333334,10.347222222222221,4.791666666666667,1.25,1.5277777777777777,1.25,1.3888888888888891,1.7361111111111114,2.0833333333333335,2.916666666666667,3.3333333333333335,4.791666666666667,5.9722222222222223,9.9305555555555554,16.111111111111111,16.111111111111111,13.75,9.9305555555555554,5.9027777777777777,51.666666666666671,43.81944444444445,75.625,123.61111111111113,142.01388888888889,133.125,107.08333333333334,59.027777777777779,16.736111111111111,3.0555555555555554,0.20833333333333334,0.0,0.0,0.0,0.0,0.0,0.0,0.0,0.0,0.0
40,data_20140824_120810_32061_compute-0-35.local.h5,44.551282051282051,43.525641025641029,38.205128205128204,29.294871794871796,17.179487179487182,11.089743589743591,8.4615384615384617,4.0384615384615383,3.7820512820512819,7.3076923076923084,17.948717948717952,27.948717948717952,25.57692307692308,29.487179487179489,32.628205128205131,31.025641025641029,29.743589743589745,32.884615384615387,29.551282051282051,26.410256410256412,56.474358974358978,40.192307692307693,61.666666666666671,87.435897435897431,93.71794871794873,85.448717948717942,73.141025641025649,64.935897435897431,55.128205128205138,35.897435897435905,13.653846153846153,1.2820512820512822,0.12820512820512822,0.12820512820512822,0.064102564102564111,0.0,0.0,0.064102564102564111,0.064102564102564111,0.19230769230769232
40,data_20140824_120817_32185_compute-0-35.local.h5,18.125,20.208333333333336,27.083333333333336,31.666666666666668,30.0,30.833333333333336,24.930555555555557,24.861111111111111,21.597222222222225,19.027777777777779,16.388888888888889,13.472222222222223,10.138888888888889,3.9583333333333335,1.7361111111111114,1.8055555555555556,3.0555555555555554,3.8194444444444442,4.0972222222222223,5.3472222222222223,45.208333333333336,39.44444444444445,63.055555555555564,97.152777777777771,109.72222222222221,97.083333333333343,78.2638888888889,53.402777777777779,23.055555555555557,3.4027777777777777,0.55555555555555558,0.41666666666666669,0.41666666666666669,0.34722222222222227,0.41666666666666669,0.20833333333333334,0.069444444444444448,0.1388888888888889,0.48611111111111116,0.69444444444444453
80,data_20140525_130513_20265.h5,2.0833333333333335,1.25,0.69444444444444453,0.625,0.48611111111111116,0.41666666666666669,0.83333333333333337,0.97222222222222232,1.9444444444444446,3.541666666666667,3.8194444444444442,4.2361111111111107,2.4305555555555554,1.8055555555555556,1.9444444444444446,2.1527777777777781,3.1944444444444446,4.8611111111111107,4.6527777777777777,2.916666666666667,43.055555555555557,12.013888888888889,7.5694444444444455,6.666666666666667,5.8333333333333339,4.8611111111111107,4.7222222222222223,5.0,5.5555555555555562,6.7361111111111116,5.1388888888888893,1.9444444444444446,0.20833333333333334,0.0,0.069444444444444448,0.069444444444444448,0.0,0.0,0.0,0.0
80,data_20140526_110240_20695.h5,1.2820512820512822,1.858974358974359,2.0512820512820515,2.6282051282051282,3.2692307692307692,3.3974358974358974,2.8205128205128207,3.6538461538461542,4.8717948717948714,5.8974358974358978,6.0897435897435894,5.9615384615384617,5.7051282051282053,4.9358974358974361,2.8205128205128207,1.6025641025641026,1.2179487179487178,1.2179487179487178,1.0897435897435899,1.2820512820512822,40.769230769230766,9.6794871794871788,7.7564102564102573,6.2820512820512819,5.8974358974358978,7.9487179487179489,13.333333333333334,24.23076923076923,31.730769230769234,15.512820512820515,3.9743589743589745,0.32051282051282054,0.064102564102564111,0.0,0.064102564102564111,0.064102564102564111,0.12820512820512822,0.32051282051282054,0.25641025641025644,0.44871794871794873
80,data_20140527_101534_21120.h5,4.4444444444444446,4.2361111111111107,5.625,6.25,6.041666666666667,6.1805555555555562,6.7361111111111116,6.7361111111111116,7.5694444444444455,8.75,9.5138888888888893,9.7222222222222214,6.3888888888888893,3.0555555555555554,1.3194444444444444,0.69444444444444453,0.69444444444444453,1.0416666666666667,1.4583333333333335,1.875,48.472222222222221,13.611111111111111,12.569444444444445,10.0,12.847222222222221,22.083333333333336,32.777777777777779,43.402777777777779,27.638888888888889,15.0,4.166666666666667,1.3888888888888891,0.55555555555555558,0.41666666666666669,0.20833333333333334,0.41666666666666669,0.27777777777777779,0.27777777777777779,0.48611111111111116,0.625
80,data_20140528_082350_21537.h5,1.3461538461538463,2.0512820512820515,2.6282051282051282,3.7820512820512819,4.6794871794871797,3.8461538461538458,3.4615384615384621,3.525641025641026,5.3205128205128212,7.6923076923076916,9.5512820512820511,9.8717948717948723,7.051282051282052,4.9358974358974361,4.1025641025641031,2.5,3.0128205128205128,3.6538461538461542,3.2051282051282053,2.7564102564102564,46.923076923076927,15.512820512820515,15.192307692307692,19.23076923076923,33.525641025641029,70.384615384615387,76.538461538461533,53.589743589743591,25.512820512820515,6.7948717948717947,0.96153846153846145,0.19230769230769232,0.12820512820512822,0.12820512820512822,0.25641025641025644,0.25641025641025644,0.12820512820512822,0.0,0.0,0.0
80,data_20140529_061537_21860.h5,4.3333333333333339,5.3888888888888893,5.1111111111111116,3.7777777777777777,2.7222222222222223,2.8888888888888893,3.2222222222222223,4.3888888888888893,5.3888888888888893,4.666666666666667,4.166666666666667,3.7777777777777777,4.666666666666667,3.1111111111111112,1.4444444444444446,1.4444444444444446,2.5,3.7777777777777777,5.666666666666667,6.5555555555555554,43.444444444444443,14.055555555555557,10.277777777777779,8.9444444444444446,14.222222222222223,24.777777777777779,39.111111111111107,35.444444444444443,24.666666666666668,11.500000000000002,2.4444444444444442,0.3888888888888889,0.11111111111111112,0.11111111111111112,0.055555555555555559,0.33333333333333337,0.22222222222222224,0.27777777777777779,0.33333333333333337,0.44444444444444448
80,data_20140825_112944_135777_compute-0-0.local.h5,0.89743589743589747,1.153846153846154,1.4743589743589745,1.5384615384615385,1.6666666666666667,1.4743589743589745,1.7307692307692311,1.7307692307692311,1.2179487179487178,1.2179487179487178,0.70512820512820518,1.0256410256410258,1.6025641025641026,1.9871794871794872,2.5,2.4358974358974357,2.1153846153846154,3.0128205128205128,4.7435897435897436,6.6025641025641031,46.15384615384616,11.025641025641026,5.8333333333333339,4.4230769230769234,6.3461538461538458,16.410256410256412,37.820512820512825,49.230769230769234,63.65384615384616,38.525641025641029,15.76923076923077,4.6153846153846159,0.19230769230769232,0.0,0.0,0.0,0.064102564102564111,0.064102564102564111,0.0,0.0
80,data_20140825_112953_135901_compute-0-0.local.h5,0.70512820512820518,0.83333333333333337,1.4102564102564104,1.6666666666666667,1.6666666666666667,2.3717948717948718,2.6923076923076925,2.6282051282051282,4.551282051282052,7.7564102564102573,13.141025641025642,11.025641025641026,11.730769230769232,12.948717948717949,10.897435897435898,5.7051282051282053,3.525641025641026,2.884615384615385,5.4487179487179489,8.7820512820512828,48.717948717948715,16.987179487179485,11.025641025641026,8.0128205128205128,9.7435897435897427,19.358974358974358,29.807692307692307,24.166666666666668,14.358974358974359,4.8717948717948714,0.64102564102564108,0.0,0.0,0.064102564102564111,0.0,0.0,0.12820512820512822,0.064102564102564111,0.0,0.0
80,data_20140825_113008_118292_compute-0-1.local.h5,3.666666666666667,4.9444444444444446,6.1111111111111107,8.1666666666666679,10.055555555555555,9.8333333333333339,8.6111111111111125,7.1111111111111116,5.8888888888888893,4.833333333333333,3.1666666666666665,2.9444444444444446,2.3333333333333335,1.3888888888888891,1.0,1.0,1.3333333333333335,1.0,1.2222222222222221,1.8333333333333335,42.722222222222221,16.222222222222221,17.666666666666668,24.444444444444443,48.222222222222221,70.944444444444457,56.833333333333336,32.166666666666671,13.77777777777778,5.2777777777777777,2.3888888888888888,0.88888888888888895,0.27777777777777779,0.16666666666666669,0.22222222222222224,0.11111111111111112,0.0,0.0,0.0,0.055555555555555559
80,data_20140825_113020_118416_compute-0-1.local.h5,1.7307692307692311,3.3974358974358974,4.6153846153846159,5.1923076923076925,6.7948717948717947,5.5128205128205128,2.4358974358974357,1.7948717948717949,1.0897435897435899,0.44871794871794873,0.44871794871794873,0.44871794871794873,0.76923076923076927,0.57692307692307698,1.4743589743589745,1.7307692307692311,1.2820512820512822,1.5384615384615385,1.6025641025641026,2.0512820512820515,49.743589743589745,16.794871794871796,16.153846153846153,16.858974358974358,22.5,33.397435897435905,33.717948717948715,35.641025641025642,24.294871794871796,8.2692307692307701,1.7307692307692311,0.19230769230769232,0.0,0.0,0.0,0.0,0.0,0.0,0.064102564102564111,0.12820512820512822
80,data_20140825_113047_105368_compute-0-2.local.h5,0.64102564102564108,0.76923076923076927,0.89743589743589747,1.6666666666666667,2.3717948717948718,3.7820512820512819,4.8076923076923075,4.2948717948717956,4.2948717948717956,5.3205128205128212,5.2564102564102564,7.5,9.0384615384615401,7.6282051282051277,5.384615384615385,3.2692307692307692,2.3717948717948718,1.6666666666666667,1.7307692307692311,1.0256410256410258,32.820512820512825,10.0,9.6794871794871788,12.884615384615385,26.346153846153847,54.166666666666671,57.179487179487182,64.358974358974365,43.589743589743591,19.615384615384617,6.5384615384615383,1.0256410256410258,0.12820512820512822,0.064102564102564111,0.0,0.0,0.0,0.0,0.0,0.19230769230769232
50,data_20140721_113042_100163_compute-0-1.local.h5,1.0256410256410258,0.83333333333333337,1.0897435897435899,1.0256410256410258,0.96153846153846145,1.0256410256410258,0.83333333333333337,0.64102564102564108,0.44871794871794873,0.64102564102564108,0.70512820512820518,0.70512820512820518,0.83333333333333337,1.0897435897435899,1.5384615384615385,1.6025641025641026,1.2820512820512822,1.7948717948717949,2.3717948717948718,2.0512820512820515,55.833333333333336,47.179487179487182,51.858974358974365,73.974358974358978,106.85897435897436,103.65384615384616,81.15384615384616,48.782051282051285,13.397435897435898,1.2179487179487178,0.0,0.0,0.0,0.0,0.12820512820512822,0.25641025641025644,0.12820512820512822,0.064102564102564111,0.064102564102564111,0.064102564102564111
50,data_20140721_115856_101223_compute-0-1.local.h5,0.33333333333333337,0.27777777777777779,0.77777777777777779,1.1666666666666667,2.0555555555555558,2.3333333333333335,4.0555555555555554,5.0,6.9444444444444455,11.0,17.777777777777779,22.333333333333336,19.611111111111114,17.888888888888889,15.777777777777779,15.0,11.666666666666668,10.055555555555555,3.9444444444444446,1.1666666666666667,31.722222222222225,19.444444444444443,29.388888888888889,51.277777777777779,62.888888888888893,63.44444444444445,62.666666666666671,45.777777777777779,22.333333333333336,9.8333333333333339,3.5555555555555558,0.55555555555555558,0.055555555555555559,0.055555555555555559,0.0,0.0,0.0,0.055555555555555559,0.055555555555555559,0.0
50,data_20140721_115856_101752_compute-0-4.local.h5,22.916666666666668,26.458333333333336,31.25,27.291666666666668,24.097222222222225,17.847222222222225,13.680555555555557,9.7222222222222214,5.1388888888888893,1.875,0.76388888888888884,1.1111111111111112,1.5972222222222223,2.291666666666667,3.6805555555555558,5.2083333333333339,6.7361111111111116,10.694444444444445,14.236111111111111,14.305555555555557,47.638888888888886,25.972222222222225,36.25,72.361111111111114,100.7638888888889,88.75,67.569444444444443,42.5,20.138888888888889,3.3333333333333335,0.0,0.0,0.0,0.0,0.0,0.0,0.0,0.0,0.0,0.069444444444444448
50,data_20140721_115856_101753_compute-0-4.local.h5,26.089743589743591,17.30769230769231,13.26923076923077,14.615384615384617,11.474358974358976,8.9102564102564106,7.5,12.371794871794872,15.641025641025642,15.192307692307692,15.128205128205128,14.102564102564104,8.5897435897435912,3.3974358974358974,1.2179487179487178,0.76923076923076927,0.64102564102564108,0.51282051282051289,0.44871794871794873,0.19230769230769232,30.448717948717952,20.641025641025642,33.589743589743591,60.128205128205138,105.19230769230769,105.96153846153847,91.089743589743591,84.679487179487182,71.858974358974365,48.07692307692308,21.217948717948719,6.2179487179487181,0.57692307692307698,0.0,0.0,0.0,0.0,0.0,0.0,0.25641025641025644
50,data_20140721_115856_118732_compute-0-0.local.h5,24.80769230769231,23.012820512820515,23.589743589743591,22.30769230769231,19.487179487179485,19.935897435897438,18.782051282051285,15.0,11.089743589743591,8.717948717948719,5.9615384615384617,5.384615384615385,6.6025641025641031,11.923076923076923,18.653846153846153,25.448717948717952,25.512820512820515,22.243589743589745,18.26923076923077,11.666666666666668,41.346153846153847,18.141025641025642,24.871794871794872,29.615384615384617,35.833333333333336,49.294871794871796,48.333333333333336,35.064102564102569,24.03846153846154,9.4230769230769234,1.6025641025641026,0.064102564102564111,0.0,0.064102564102564111,0.12820512820512822,0.38461538461538464,0.32051282051282054,0.064102564102564111,0.12820512820512822,0.25641025641025644
50,data_20140721_115856_118733_compute-0-0.local.h5,11.726190476190476,10.773809523809524,10.595238095238095,11.964285714285715,10.833333333333334,9.1666666666666679,5.416666666666667,2.2619047619047623,2.5595238095238098,2.6190476190476191,2.6785714285714288,3.0952380952380953,3.2142857142857144,3.452380952380953,4.1071428571428577,3.6904761904761907,2.7976190476190479,3.0952380952380953,4.2261904761904763,3.9880952380952381,45.357142857142861,42.797619047619044,62.738095238095248,86.904761904761912,108.27380952380952,108.21428571428572,78.86904761904762,47.976190476190474,16.130952380952383,1.7261904761904765,0.59523809523809523,0.35714285714285715,0.23809523809523808,0.41666666666666669,0.23809523809523808,0.47619047619047616,0.59523809523809523,0.41666666666666669,0.7142857142857143,1.3095238095238095
50,data_20140721_115856_88133_compute-0-2.local.h5,1.3020833333333335,0.98958333333333337,1.5104166666666667,2.34375,2.5,2.34375,3.0208333333333335,3.3333333333333335,4.166666666666667,6.197916666666667,8.4375,9.3229166666666679,9.1145833333333339,10.833333333333334,11.979166666666668,11.822916666666668,9.2708333333333339,5.9375,4.5833333333333339,6.7708333333333339,46.25,31.302083333333336,39.895833333333336,71.40625,106.09375,111.40625,92.395833333333343,62.96875,31.614583333333336,4.0625,0.36458333333333337,0.10416666666666667,0.0,0.0,0.0,0.10416666666666667,0.0,0.20833333333333334,0.625,0.52083333333333337
50,data_20140721_115856_88134_compute-0-2.local.h5,18.012820512820515,12.5,7.5,3.141025641025641,2.0512820512820515,2.3717948717948718,3.2692307692307692,5.0641025641025639,10.192307692307692,13.525641025641026,15.897435897435898,25.320512820512821,37.307692307692307,45.384615384615387,44.294871794871796,43.07692307692308,38.525641025641029,41.217948717948715,43.012820512820511,41.217948717948715,59.935897435897438,26.858974358974361,21.346153846153847,25.833333333333336,34.61538461538462,27.5,20.0,13.910256410256412,7.3717948717948723,2.3076923076923079,0.0,0.0,0.0,0.0,0.0,0.0,0.0,0.0,0.064102564102564111,0.12820512820512822
50,data_20140721_115856_95593_compute-0-3.local.h5,1.9230769230769229,1.7948717948717949,2.1794871794871797,2.0512820512820515,2.8205128205128207,4.8717948717948714,8.3333333333333339,11.089743589743591,11.666666666666668,11.666666666666668,11.794871794871796,10.128205128205128,5.4487179487179489,1.7948717948717949,0.89743589743589747,1.0897435897435899,1.6666666666666667,2.1794871794871797,1.9230769230769229,2.3076923076923079,45.833333333333336,27.756410256410255,46.858974358974365,76.79487179487181,117.30769230769232,120.06410256410255,93.525641025641022,63.589743589743591,26.602564102564102,4.2307692307692308,1.0897435897435899,0.25641025641025644,0.12820512820512822,0.19230769230769232,0.19230769230769232,0.064102564102564111,0.19230769230769232,0.19230769230769232,0.51282051282051289,0.76923076923076927
50,data_20140721_115856_95594_compute-0-3.local.h5,41.410256410256416,40.641025641025642,39.743589743589745,31.987179487179489,19.23076923076923,10.384615384615385,7.3076923076923084,11.217948717948719,14.807692307692308,15.961538461538462,13.782051282051285,12.307692307692308,10.256410256410257,6.7307692307692308,3.3333333333333335,3.0769230769230771,2.6282051282051282,3.3974358974358974,5.1282051282051286,6.9230769230769242,39.807692307692307,23.141025641025642,29.487179487179489,49.358974358974365,78.782051282051285,87.884615384615387,75.769230769230774,55.641025641025649,40.064102564102569,19.551282051282051,3.9102564102564106,0.57692307692307698,0.38461538461538464,0.44871794871794873,0.57692307692307698,0.64102564102564108,0.57692307692307698,0.64102564102564108,0.44871794871794873,0.51282051282051289
60,data_20140520_123248_17595.h5,8.8888888888888893,13.666666666666666,13.055555555555555,12.611111111111111,9.9444444444444446,7.5,6.5,5.7777777777777786,6.333333333333333,8.2222222222222232,14.444444444444445,14.000000000000002,13.944444444444446,14.277777777777779,10.333333333333334,10.722222222222223,13.944444444444446,22.444444444444446,26.611111111111111,23.722222222222221,47.722222222222221,21.444444444444446,24.166666666666668,41.333333333333336,69.388888888888886,94.333333333333343,94.055555555555557,71.444444444444443,50.722222222222221,25.333333333333332,6.9444444444444455,1.5555555555555556,0.16666666666666669,0.055555555555555559,0.0,0.055555555555555559,0.055555555555555559,0.0,0.0,0.0
60,data_20140521_090848_17993.h5,1.8452380952380953,3.3333333333333335,5.4761904761904763,7.8571428571428577,8.571428571428573,7.738095238095239,10.0,11.30952380952381,8.1547619047619051,6.1904761904761907,2.8571428571428572,1.1904761904761905,1.3690476190476191,1.3690476190476191,1.1904761904761905,1.1309523809523812,1.3690476190476191,1.5476190476190477,2.6785714285714288,2.5,50.416666666666671,29.166666666666668,33.154761904761905,41.36904761904762,65.833333333333343,76.666666666666671,71.666666666666671,49.107142857142861,28.690476190476193,11.190476190476192,2.6785714285714288,0.059523809523809521,0.0,0.0,0.0,0.059523809523809521,0.059523809523809521,0.0,0.059523809523809521,0.059523809523809521
60,data_20140522_055626_18272.h5,9.102564102564104,10.192307692307692,13.782051282051285,16.794871794871796,16.474358974358974,12.179487179487179,8.717948717948719,5.6410256410256414,3.4615384615384621,4.6794871794871797,8.3974358974358978,10.384615384615385,11.410256410256411,14.358974358974359,14.03846153846154,14.03846153846154,13.974358974358976,15.0,10.576923076923077,10.512820512820513,41.987179487179489,23.012820512820515,33.65384615384616,68.012820512820511,116.02564102564102,118.52564102564102,97.756410256410263,78.525641025641022,55.384615384615394,25.961538461538463,4.166666666666667,0.19230769230769232,0.064102564102564111,0.19230769230769232,0.32051282051282054,0.25641025641025644,0.38461538461538464,0.38461538461538464,0.19230769230769232,0.064102564102564111
60,data_20140523_024613_18685.h5,0.65476190476190477,0.35714285714285715,0.7142857142857143,0.8928571428571429,0.83333333333333337,1.3690476190476191,2.5595238095238098,3.5714285714285716,4.5238095238095246,5.416666666666667,6.3095238095238093,7.8571428571428577,8.8690476190476186,9.9404761904761916,8.3928571428571423,5.7738095238095246,1.7261904761904765,1.1309523809523812,1.7261904761904765,2.3809523809523809,40.773809523809526,23.214285714285715,19.285714285714285,22.976190476190478,40.11904761904762,60.05952380952381,69.107142857142861,55.476190476190474,33.80952380952381,14.642857142857144,3.5714285714285716,0.41666666666666669,0.11904761904761904,0.11904761904761904,0.17857142857142858,0.11904761904761904,0.11904761904761904,0.17857142857142858,0.23809523809523808,0.23809523809523808
60,data_20140523_233014_19087.h5,4.8076923076923075,6.5384615384615383,11.987179487179487,11.987179487179487,7.3076923076923084,5.8333333333333339,4.6794871794871797,7.1153846153846159,6.5384615384615383,6.9230769230769242,5.9615384615384617,6.0256410256410255,5.0,3.8461538461538458,3.6538461538461542,3.3333333333333335,4.6153846153846159,5.2564102564102564,7.5,7.5641025641025639,42.948717948717949,18.653846153846153,13.974358974358976,15.641025641025642,31.794871794871796,36.217948717948715,35.128205128205131,33.846153846153847,23.910256410256412,12.628205128205128,5.5128205128205128,1.6666666666666667,0.44871794871794873,0.44871794871794873,0.44871794871794873,0.76923076923076927,0.70512820512820518,0.70512820512820518,1.153846153846154,0.96153846153846145
60,data_20140719_203045_21294.h5,13.125,14.236111111111111,10.069444444444445,8.4027777777777786,2.8472222222222223,1.25,0.90277777777777779,0.97222222222222232,0.90277777777777779,0.97222222222222232,1.1111111111111112,0.625,0.55555555555555558,0.76388888888888884,0.76388888888888884,0.76388888888888884,0.90277777777777779,1.0416666666666667,1.1805555555555556,1.7361111111111114,45.0,18.680555555555557,24.791666666666668,45.0,79.027777777777771,96.875,80.625,56.25,29.513888888888889,8.125,0.625,0.0,0.0,0.0,0.069444444444444448,0.20833333333333334,0.20833333333333334,0.069444444444444448,0.20833333333333334,0.34722222222222227
60,data_20140720_193239_21856.h5,14.097222222222223,8.3333333333333339,4.0277777777777777,1.7361111111111114,1.5972222222222223,1.0416666666666667,0.97222222222222232,0.69444444444444453,0.83333333333333337,0.69444444444444453,0.55555555555555558,0.41666666666666669,0.83333333333333337,0.90277777777777779,1.25,2.5694444444444446,4.375,6.7361111111111116,7.2222222222222223,8.0555555555555554,49.583333333333336,23.055555555555557,22.916666666666668,34.166666666666671,63.680555555555564,60.069444444444443,39.375,32.361111111111114,18.125,5.4861111111111107,0.90277777777777779,0.069444444444444448,0.0,0.0,0.0,0.0,0.069444444444444448,0.069444444444444448,0.27777777777777779,0.0
60,data_20140721_155857_22403.h5,7.884615384615385,6.2820512820512819,7.4358974358974361,15.512820512820515,15.76923076923077,13.846153846153848,17.692307692307693,18.141025641025642,13.141025641025642,15.576923076923078,24.23076923076923,27.884615384615383,19.743589743589745,13.846153846153848,7.051282051282052,2.884615384615385,2.5,2.884615384615385,2.6282051282051282,3.0128205128205128,39.551282051282051,21.089743589743591,31.53846153846154,64.29487179487181,117.56410256410255,110.38461538461539,98.07692307692308,69.487179487179489,35.833333333333336,12.628205128205128,2.0512820512820515,0.12820512820512822,0.064102564102564111,0.19230769230769232,0.25641025641025644,0.38461538461538464,0.25641025641025644,0.064102564102564111,0.0,0.0
60,data_20140722_122930_22791.h5,1.4102564102564104,1.2820512820512822,1.0897435897435899,1.5384615384615385,1.9230769230769229,3.0128205128205128,5.1282051282051286,8.3333333333333339,10.128205128205128,10.705128205128206,10.641025641025642,10.512820512820513,10.897435897435898,8.5897435897435912,5.8974358974358978,5.1282051282051286,6.9230769230769242,6.0256410256410255,6.9230769230769242,10.448717948717949,52.756410256410255,25.064102564102566,20.384615384615383,24.423076923076923,42.371794871794876,60.833333333333336,54.935897435897438,45.512820512820511,29.230769230769234,14.551282051282051,7.1794871794871797,1.9230769230769229,0.064102564102564111,0.12820512820512822,0.19230769230769232,0.12820512820512822,0.12820512820512822,0.19230769230769232,0.0,0.12820512820512822
60,data_20140723_091844_23182.h5,31.987179487179489,24.935897435897438,19.935897435897438,22.179487179487182,23.910256410256412,20.57692307692308,19.80769230769231,15.192307692307692,11.474358974358976,8.717948717948719,5.8974358974358978,1.3461538461538463,0.70512820512820518,0.57692307692307698,0.64102564102564108,0.83333333333333337,1.2820512820512822,2.0512820512820515,4.551282051282052,8.5897435897435912,45.705128205128204,17.371794871794872,17.948717948717952,26.730769230769234,50.705128205128204,62.371794871794869,51.987179487179489,40.320512820512825,27.051282051282051,14.807692307692308,6.9871794871794881,0.76923076923076927,0.0,0.0,0.0,0.064102564102564111,0.0,0.0,0.0,0.19230769230769232
60,data_20140731_154821_113639_compute-0-0.local.h5,8.5416666666666679,10.15625,11.666666666666668,13.020833333333334,14.947916666666668,18.489583333333336,12.864583333333334,12.916666666666668,16.71875,20.885416666666668,26.458333333333336,24.895833333333336,20.885416666666668,17.03125,20.260416666666668,21.09375,20.3125,13.229166666666668,9.4791666666666679,7.3958333333333339,43.697916666666671,22.239583333333336,25.416666666666668,34.583333333333336,57.5,70.989583333333343,56.5625,37.604166666666671,17.96875,3.229166666666667,0.10416666666666667,0.0,0.20833333333333334,0.20833333333333334,0.26041666666666669,0.26041666666666669,0.15625,0.15625,2.5520833333333335,1.4583333333333335
60,data_20140731_154822_82089_compute-0-2.local.h5,9.1666666666666679,5.8888888888888893,3.1666666666666665,3.6111111111111112,4.7777777777777777,6.333333333333333,10.722222222222223,12.333333333333334,18.833333333333336,23.666666666666668,33.055555555555557,36.055555555555557,29.722222222222221,22.444444444444446,14.222222222222223,4.5000000000000009,0.83333333333333337,0.61111111111111105,0.83333333333333337,0.44444444444444448,40.111111111111114,17.777777777777779,17.277777777777779,24.666666666666668,59.611111111111114,79.333333333333343,73.8888888888889,59.500000000000007,36.555555555555557,15.277777777777777,1.8333333333333335,0.16666666666666669,0.055555555555555559,0.0,0.0,0.0,0.0,0.0,0.055555555555555559,0.0
60,data_20140731_154822_82090_compute-0-2.local.h5,13.397435897435898,14.423076923076923,13.910256410256412,14.871794871794872,16.53846153846154,18.910256410256412,18.333333333333336,12.243589743589743,7.8205128205128212,5.7692307692307701,5.1282051282051286,5.6410256410256414,5.5769230769230775,6.3461538461538458,9.1666666666666679,8.8461538461538467,5.4487179487179489,2.884615384615385,2.0512820512820515,2.6923076923076925,38.205128205128204,16.282051282051285,18.397435897435898,24.551282051282051,55.320512820512825,81.21794871794873,70.128205128205138,63.333333333333336,49.551282051282051,21.794871794871796,9.2307692307692317,2.3717948717948718,0.38461538461538464,0.19230769230769232,0.19230769230769232,0.32051282051282054,0.32051282051282054,0.19230769230769232,0.32051282051282054,0.96153846153846145
60,data_20140731_154822_89440_compute-0-3.local.h5,18.680555555555557,13.472222222222223,10.486111111111112,11.180555555555555,14.930555555555557,12.291666666666668,8.5416666666666679,5.0694444444444446,0.625,0.069444444444444448,0.27777777777777779,0.48611111111111116,0.48611111111111116,1.3194444444444444,1.9444444444444446,4.791666666666667,10.0,12.5,10.416666666666668,11.875,49.583333333333336,22.430555555555557,23.194444444444443,28.333333333333336,47.361111111111114,45.347222222222221,30.555555555555554,24.444444444444443,15.555555555555557,6.5277777777777777,2.0138888888888888,0.1388888888888889,0.0,0.0,0.0,0.069444444444444448,0.069444444444444448,0.1388888888888889,0.20833333333333334,0.1388888888888889
60,data_20140731_154822_95924_compute-0-1.local.h5,11.666666666666668,8.0555555555555554,3.6111111111111112,3.125,4.3055555555555562,6.5277777777777777,9.1666666666666679,13.472222222222223,17.152777777777779,15.277777777777777,12.916666666666668,12.916666666666668,10.833333333333334,7.0833333333333339,8.75,12.152777777777779,12.777777777777779,15.277777777777777,18.819444444444443,15.0,55.555555555555564,28.333333333333336,37.152777777777779,71.3888888888889,112.43055555555556,111.66666666666667,106.11111111111111,76.666666666666671,47.291666666666671,19.861111111111111,4.791666666666667,1.0416666666666667,0.1388888888888889,0.1388888888888889,0.0,0.069444444444444448,0.0,0.0,0.069444444444444448,0.1388888888888889
60,data_20140731_154822_95930_compute-0-4.local.h5,27.152777777777782,26.388888888888889,30.347222222222221,33.19444444444445,30.347222222222221,33.958333333333336,28.75,19.930555555555557,11.180555555555555,3.4027777777777777,0.41666666666666669,0.41666666666666669,0.27777777777777779,0.625,0.55555555555555558,0.27777777777777779,0.27777777777777779,0.41666666666666669,0.83333333333333337,1.6666666666666667,31.25,14.791666666666668,21.180555555555557,42.56944444444445,80.7638888888889,73.611111111111114,52.847222222222221,39.722222222222221,23.958333333333336,5.2777777777777777,0.48611111111111116,0.069444444444444448,0.0,0.0,0.0,0.0,0.0,0.0,0.0,0.1388888888888889
30,data_20140724_125424_236053_compute-0-2.local.h5,78.07692307692308,69.615384615384613,57.948717948717949,42.692307692307693,33.397435897435905,27.756410256410255,18.782051282051285,10.320512820512821,4.6794871794871797,1.6666666666666667,1.9871794871794872,1.0897435897435899,1.6025641025641026,2.3076923076923079,2.9487179487179489,4.1025641025641031,6.6025641025641031,14.551282051282051,16.153846153846153,20.128205128205128,58.910256410256416,61.282051282051277,93.012820512820511,123.7820512820513,135.89743589743588,131.85897435897436,123.97435897435898,101.47435897435898,81.346153846153854,56.987179487179489,23.974358974358974,3.7179487179487181,0.83333333333333337,0.51282051282051289,0.51282051282051289,0.57692307692307698,0.96153846153846145,1.2179487179487178,1.2179487179487178,1.0897435897435899
30,data_20140724_125424_243375_compute-0-3.local.h5,38.500000000000007,29.277777777777779,17.777777777777779,12.611111111111111,15.166666666666666,20.166666666666668,25.833333333333336,27.0,26.888888888888889,23.555555555555557,18.000000000000004,10.666666666666668,4.7222222222222223,1.3333333333333335,1.8333333333333335,2.3888888888888888,2.8888888888888893,4.833333333333333,11.277777777777779,14.944444444444445,44.388888888888893,37.722222222222221,44.833333333333336,55.0,67.222222222222229,68.8888888888889,60.388888888888893,48.055555555555557,35.777777777777779,20.222222222222221,7.1111111111111116,1.4444444444444446,0.055555555555555559,0.11111111111111112,0.22222222222222224,0.55555555555555558,0.66666666666666674,0.83333333333333337,1.2777777777777779,1.5
30,data_20140724_125424_3938_compute-0-1.local.h5,12.628205128205128,16.73076923076923,15.320512820512819,13.205128205128206,13.141025641025642,10.833333333333334,8.9102564102564106,9.2307692307692317,12.307692307692308,12.5,13.012820512820513,15.256410256410255,18.333333333333336,20.192307692307693,18.141025641025642,15.128205128205128,13.26923076923077,9.9358974358974361,7.3717948717948723,2.5,50.897435897435905,58.589743589743591,82.051282051282058,100.32051282051283,90.57692307692308,76.410256410256409,54.038461538461533,23.910256410256412,4.4871794871794881,0.0,0.0,0.0,0.0,0.0,0.0,0.064102564102564111,0.19230769230769232,0.32051282051282054,0.25641025641025644,0.0
30,data_20140724_125424_4784_compute-0-4.local.h5,18.452380952380953,24.285714285714285,21.488095238095237,18.630952380952383,12.619047619047619,15.0,14.523809523809524,15.535714285714286,17.202380952380953,22.321428571428573,32.083333333333336,42.55952380952381,52.261904761904766,55.178571428571423,51.845238095238095,48.75,42.38095238095238,30.357142857142861,15.654761904761905,8.3928571428571423,43.86904761904762,41.726190476190474,68.095238095238088,87.976190476190482,86.428571428571431,79.107142857142861,65.654761904761912,43.63095238095238,20.178571428571431,8.8690476190476186,4.2857142857142865,0.59523809523809523,0.0,0.0,0.11904761904761904,0.35714285714285715,0.41666666666666669,0.23809523809523808,0.17857142857142858,0.17857142857142858
30,data_20140724_125424_6704_compute-0-5.local.h5,16.875,21.805555555555557,20.138888888888889,17.430555555555557,15.972222222222223,17.5,14.652777777777777,11.388888888888889,12.222222222222221,19.166666666666668,20.347222222222225,23.402777777777779,25.069444444444443,31.041666666666668,33.611111111111114,31.458333333333336,30.902777777777782,28.125,20.972222222222225,16.388888888888889,38.81944444444445,24.236111111111111,37.916666666666671,59.097222222222229,90.694444444444443,79.027777777777771,67.0138888888889,55.347222222222229,38.888888888888886,17.361111111111111,2.916666666666667,0.069444444444444448,0.0,0.069444444444444448,0.20833333333333334,0.1388888888888889,0.069444444444444448,0.20833333333333334,0.0,0.0
30,data_20140724_125424_6705_compute-0-5.local.h5,2.1153846153846154,1.3461538461538463,1.7307692307692311,1.0897435897435899,1.4102564102564104,1.7307692307692311,2.1794871794871797,2.0512820512820515,3.2692307692307692,5.9615384615384617,9.8717948717948723,13.653846153846153,17.564102564102566,19.615384615384617,23.012820512820515,23.461538461538463,23.910256410256412,19.935897435897438,16.410256410256412,10.320512820512821,42.820512820512825,28.461538461538463,31.282051282051285,48.782051282051285,63.525641025641022,64.038461538461533,55.512820512820511,32.628205128205131,14.743589743589745,3.9743589743589745,0.44871794871794873,0.12820512820512822,0.32051282051282054,0.19230769230769232,0.25641025641025644,0.25641025641025644,0.19230769230769232,0.19230769230769232,0.25641025641025644,0.64102564102564108
30,data_20140824_115703_32126_compute-0-31.local.h5,0.48611111111111116,0.625,0.34722222222222227,0.48611111111111116,0.55555555555555558,0.97222222222222232,0.90277777777777779,2.0138888888888888,2.291666666666667,2.5,4.4444444444444446,8.0555555555555554,16.875,18.402777777777779,23.055555555555557,29.583333333333336,41.388888888888886,52.5,67.847222222222229,69.791666666666671,100.27777777777777,75.833333333333343,81.944444444444443,101.18055555555556,103.95833333333334,90.0,81.458333333333343,70.972222222222229,52.986111111111114,23.125,2.7083333333333335,0.0,0.0,0.0,0.0,0.0,0.0,0.0,0.0,0.0
30,data_20140824_120313_32666_compute-0-31.local.h5,0.41666666666666669,0.55555555555555558,0.48611111111111116,0.83333333333333337,1.8055555555555556,5.5555555555555562,13.819444444444445,14.930555555555557,18.75,21.527777777777779,31.041666666666668,47.708333333333336,50.208333333333336,45.69444444444445,43.472222222222221,42.986111111111114,36.458333333333336,26.041666666666668,15.694444444444445,5.3472222222222223,37.56944444444445,45.208333333333336,81.319444444444443,112.36111111111113,112.22222222222221,103.75,87.5,58.819444444444443,22.291666666666668,1.4583333333333335,0.0,0.0,0.0,0.0,0.0,0.0,0.0,0.0,0.0,0.069444444444444448
30,data_20140824_120430_74494_compute-0-32.local.h5,14.652777777777777,15.833333333333334,16.25,15.555555555555557,15.763888888888891,17.361111111111111,17.986111111111111,18.958333333333336,14.791666666666668,17.916666666666668,16.180555555555557,13.819444444444445,9.4444444444444446,4.5138888888888893,0.41666666666666669,0.34722222222222227,0.69444444444444453,0.625,0.97222222222222232,1.4583333333333335,38.333333333333336,40.625,70.486111111111114,87.569444444444443,99.097222222222229,88.8888888888889,76.25,59.444444444444443,39.027777777777779,13.819444444444445,1.9444444444444446,0.0,0.0,0.0,0.0,0.0,0.0,0.0,0.0,0.0
30,data_20140824_120439_74618_compute-0-32.local.h5,13.717948717948717,5.9615384615384617,5.0,6.5384615384615383,10.064102564102564,16.858974358974358,19.551282051282051,26.730769230769234,33.46153846153846,29.551282051282051,27.948717948717952,28.910256410256412,31.346153846153847,28.205128205128208,27.051282051282051,22.051282051282051,15.897435897435898,15.192307692307692,10.448717948717949,4.551282051282052,38.717948717948715,39.230769230769234,69.42307692307692,102.75641025641026,116.41025641025641,111.73076923076923,100.51282051282051,84.871794871794876,63.205128205128204,33.205128205128204,8.7820512820512828,0.25641025641025644,0.0,0.0,0.0,0.0,0.0,0.0,0.0,0.32051282051282054
